Q0iI2iBLBrk,Q0iI2iBLBrk,Q0iI2iBLBrk,Q0iI2iBLBrk,Q0iI2iBLBrk
Thu Jan 23 13:43:46 CET 2014,Fri Jan 24 13:53:32 CET 2014,Mon Jan 27 13:57:10 CET 2014,Tue Jan 28 12:20:00 CET 2014,Fri Jan 31 15:44:27 CET 2014
GWOJovFzWfw,mzBhLI_ks-4,hJQwmpxZMEI,hJQwmpxZMEI,RmsxCN7htHM
How to Make Bread from Scratch- NO BREADMAKER NEEDED,THE JAW SURGERY JOURNEY (post-op) day 2! Part 1,Saltine Cracker Challenge,Saltine Cracker Challenge,Wheat Unhealthy Whole Grain2
pyHnBCTslvI,piZOq8oUrag,p2pw080AvQc,p2pw080AvQc,vCzro1ymgw4
Chinese Breadsticks,GloZell's Banana and Sprite Challenge.. In reverse,Watch Me Put 2 Bananas In My Sweet Wet Mouth!!!,Watch Me Put 2 Bananas In My Sweet Wet Mouth!!!,Eating Delicious Vanilla Ice Cream Boys!!!
diUDQmlOQfI,pG2F6aM3TGo,9QzICAxLvcw,gKRASqpAGjY,diUDQmlOQfI
Watermelon Look-Alike Raisin Bread- with yoyomax12,Garlic Bread Sticks,teabag challenge,Braided Nutella Star Bread,Watermelon Look-Alike Raisin Bread- with yoyomax12
JV6URP6x7dE,GWOJovFzWfw,vCzro1ymgw4,diUDQmlOQfI,GWOJovFzWfw
Breadsticks - Quick and Easy Snacks,How to Make Bread from Scratch- NO BREADMAKER NEEDED,Eating Delicious Vanilla Ice Cream Boys!!!,Watermelon Look-Alike Raisin Bread- with yoyomax12,How to Make Bread from Scratch- NO BREADMAKER NEEDED
pG2F6aM3TGo,pyHnBCTslvI,diUDQmlOQfI,vCzro1ymgw4,ZY0eoPsq8Dw
Garlic Bread Sticks,Chinese Breadsticks,Watermelon Look-Alike Raisin Bread- with yoyomax12,Eating Delicious Vanilla Ice Cream Boys!!!,Breadsticks (bread) Recipe
ZY0eoPsq8Dw,diUDQmlOQfI,pyHnBCTslvI,pyHnBCTslvI,pyHnBCTslvI
Breadsticks (bread) Recipe,Watermelon Look-Alike Raisin Bread- with yoyomax12,Chinese Breadsticks,Chinese Breadsticks,Chinese Breadsticks
OPlgUJS0FN8,JV6URP6x7dE,GWOJovFzWfw,ZY0eoPsq8Dw,JV6URP6x7dE
Easy Breadstick Recipe,Breadsticks - Quick and Easy Snacks,How to Make Bread from Scratch- NO BREADMAKER NEEDED,Breadsticks (bread) Recipe,Breadsticks - Quick and Easy Snacks
BBRY9IeZ8SI,BBRY9IeZ8SI,JV6URP6x7dE,GWOJovFzWfw,hJQwmpxZMEI
Breadsticks ( grissini ) - Italian recipe,Breadsticks ( grissini ) - Italian recipe,Breadsticks - Quick and Easy Snacks,How to Make Bread from Scratch- NO BREADMAKER NEEDED,Saltine Cracker Challenge
JHky5ad6-qs,ZY0eoPsq8Dw,ZY0eoPsq8Dw,pG2F6aM3TGo,BBRY9IeZ8SI
Baguette - French Bread Recipe,Breadsticks (bread) Recipe,Breadsticks (bread) Recipe,Garlic Bread Sticks,Breadsticks ( grissini ) - Italian recipe
-1DM0AabXdo,7owT0FEqUUc,HK0UmBmyNU0,JV6URP6x7dE,pG2F6aM3TGo
Brunch Recipes - How to Make Monkey Bread I,ITZZ Quick Garlic Parmesan Cheese Monkey Bread & Pork Stew Recipe,Cracker Challenge,Breadsticks - Quick and Easy Snacks,Garlic Bread Sticks
7owT0FEqUUc,Sm5MNq4zW18,mzBhLI_ks-4,mzBhLI_ks-4,3GT5UIV_Mf0
ITZZ Quick Garlic Parmesan Cheese Monkey Bread & Pork Stew Recipe,Chef Jeff - Breadsticks + Garlic Knots,THE JAW SURGERY JOURNEY (post-op) day 2! Part 1,THE JAW SURGERY JOURNEY (post-op) day 2! Part 1,Garlic Breadstick Recipe
Sm5MNq4zW18,_LTCwI4dr9w,EtXjUK-G5dY,EtXjUK-G5dY,NPiA69p4gqE
Chef Jeff - Breadsticks + Garlic Knots,How to Make Easy Pizza Monkey Bread (part of theSuperBowlPlus Week of Champions),OATMEAL CHALLENGE !!!!!!!!,OATMEAL CHALLENGE !!!!!!!!,Pita Bread - How to Make Pita Bread at Home - Grilled Flatbread
VocUzFjxO3E,RQOj6d91g38,BBRY9IeZ8SI,BBRY9IeZ8SI,58XYnM_d9go
Bread Upma,Underbite Jaw Surgery- Day 3 Post-op,Breadsticks ( grissini ) - Italian recipe,Breadsticks ( grissini ) - Italian recipe,How To Bake Whole Wheat Brown Bread
NPiA69p4gqE,VocUzFjxO3E,JHky5ad6-qs,Sm5MNq4zW18,VocUzFjxO3E
Pita Bread - How to Make Pita Bread at Home - Grilled Flatbread,Bread Upma,Baguette - French Bread Recipe,Chef Jeff - Breadsticks + Garlic Knots,Bread Upma
_LTCwI4dr9w,NPiA69p4gqE,piZOq8oUrag,piZOq8oUrag,HK0UmBmyNU0
How to Make Easy Pizza Monkey Bread (part of theSuperBowlPlus Week of Champions),Pita Bread - How to Make Pita Bread at Home - Grilled Flatbread,GloZell's Banana and Sprite Challenge.. In reverse,GloZell's Banana and Sprite Challenge.. In reverse,Cracker Challenge
Yfrdd7sE8sE,3GT5UIV_Mf0,NPiA69p4gqE,HK0UmBmyNU0,4aP5y24LQrw
Cheese & Pepperoni Breadstick Recipe : Cheese Dishes & More,Garlic Breadstick Recipe,Pita Bread - How to Make Pita Bread at Home - Grilled Flatbread,Cracker Challenge,Bread Omelet
OsWCeyMa38A,Yfrdd7sE8sE,VocUzFjxO3E,VyBHgdSsikA,0SFKp5dlo2M
Soup Sticks Recipe - How to make Soup Sticks at home ?,Cheese & Pepperoni Breadstick Recipe : Cheese Dishes & More,Bread Upma,Eating the World's Worst Foods (Surströmming and Stinky Tofu),How to make homemade breadsticks (grissini)_uChef_TV
0SFKp5dlo2M,YY6VTyH3NYI,OPlgUJS0FN8,JHky5ad6-qs,Yfrdd7sE8sE
How to make homemade breadsticks (grissini)_uChef_TV,How To Make Clay From Bread,Easy Breadstick Recipe,Baguette - French Bread Recipe,Cheese & Pepperoni Breadstick Recipe : Cheese Dishes & More
YY6VTyH3NYI,hMmQE0_O2g4,0SFKp5dlo2M,VocUzFjxO3E,kK2myK1hpek
How To Make Clay From Bread,TopChef    Monkey Bread Recipes   How to Make Easy Monkey Bread,How to make homemade breadsticks (grissini)_uChef_TV,Bread Upma,Pull-Apart Pizza Bread recipe
3GT5UIV_Mf0,4aP5y24LQrw,LkVDusgQz10,NPiA69p4gqE,EtXjUK-G5dY
Garlic Breadstick Recipe,Bread Omelet,SALTINE CHALLENGE,Pita Bread - How to Make Pita Bread at Home - Grilled Flatbread,OATMEAL CHALLENGE !!!!!!!!
_775AuNOX6k,MMH_54SqBuI,qdtjpwaUsdk,0SFKp5dlo2M,pJBHKhO-dFM
Lower Jaw Surgery - Day 3,How to Make My Dough Smooth & Elastic-Like : Breadstick Recipes,Challenge #1 Super Crackers,How to make homemade breadsticks (grissini)_uChef_TV,Cheese Straws - Cheesy Bread Sticks Recipe
kK2myK1hpek,tpeDxzCtVXM,OsWCeyMa38A,LkVDusgQz10,LVkExlxVk18
Pull-Apart Pizza Bread recipe,Not Butter! Contest 4--Parmesan Bread Sticks Recipe,Soup Sticks Recipe - How to make Soup Sticks at home ?,SALTINE CHALLENGE,Pepperoni Pizza Monkey Bread
hMmQE0_O2g4,pJBHKhO-dFM,7owT0FEqUUc,qdtjpwaUsdk,0Aht2-0cFfk
TopChef    Monkey Bread Recipes   How to Make Easy Monkey Bread,Cheese Straws - Cheesy Bread Sticks Recipe,ITZZ Quick Garlic Parmesan Cheese Monkey Bread & Pork Stew Recipe,Challenge #1 Super Crackers,How to Make Homemade; Cheese-Stuffed Breadsticks : Breadstick Recipes
pJBHKhO-dFM,OPlgUJS0FN8,4aP5y24LQrw,OsWCeyMa38A,f0dhfPb4DX4
Cheese Straws - Cheesy Bread Sticks Recipe,Easy Breadstick Recipe,Bread Omelet,Soup Sticks Recipe - How to make Soup Sticks at home ?,Oatmeal Challenge
MMH_54SqBuI,mbWRRFUWj90,pJBHKhO-dFM,_LTCwI4dr9w,LkVDusgQz10
How to Make My Dough Smooth & Elastic-Like : Breadstick Recipes,Bread Sticks Recipe by chef shaheen,Cheese Straws - Cheesy Bread Sticks Recipe,How to Make Easy Pizza Monkey Bread (part of theSuperBowlPlus Week of Champions),SALTINE CHALLENGE
