Q7G2wZwDprE,Q7G2wZwDprE,Q7G2wZwDprE,Q7G2wZwDprE,Q7G2wZwDprE
Thu Jan 23 13:43:46 CET 2014,Fri Jan 24 13:53:33 CET 2014,Mon Jan 27 13:57:11 CET 2014,Tue Jan 28 12:20:00 CET 2014,Fri Jan 31 15:44:27 CET 2014
lkNdGIJ5Xyk,EcfU7VfuGsY,EcfU7VfuGsY,GjXLX-UaPwA,GjXLX-UaPwA
Service Before Self: Camden County Police Department,Gloucester Township Police- Camden County Police Academy Class 57 Graduation Highlights 5-23-2011,Gloucester Township Police- Camden County Police Academy Class 57 Graduation Highlights 5-23-2011,Bergen County Police Academy - Class 87 - Aug. to Dec. 2001,Bergen County Police Academy - Class 87 - Aug. to Dec. 2001
QGXTVCMNRks,lkNdGIJ5Xyk,lkNdGIJ5Xyk,EcfU7VfuGsY,8dsgkEdZoy8
Gloucester Township Police- GTPD K-9 Unit's Cpl. Kaelin on Fox News in NYC 5-7-2011,Service Before Self: Camden County Police Department,Service Before Self: Camden County Police Department,Gloucester Township Police- Camden County Police Academy Class 57 Graduation Highlights 5-23-2011,Gloucester Township Police- K-9 Graduation- Chief Earle Remarks; Swearing In; Blessing 6-11-2011
JaBg9HlbTxA,QGXTVCMNRks,QGXTVCMNRks,lkNdGIJ5Xyk,EcfU7VfuGsY
County Police Begin Training to Patrol Camden,Gloucester Township Police- GTPD K-9 Unit's Cpl. Kaelin on Fox News in NYC 5-7-2011,Gloucester Township Police- GTPD K-9 Unit's Cpl. Kaelin on Fox News in NYC 5-7-2011,Service Before Self: Camden County Police Department,Gloucester Township Police- Camden County Police Academy Class 57 Graduation Highlights 5-23-2011
EcfU7VfuGsY,oSmu79NxyFY,n-536LGZVTA,QGXTVCMNRks,QGXTVCMNRks
Gloucester Township Police- Camden County Police Academy Class 57 Graduation Highlights 5-23-2011,LAPD Deputy Chief Hara Motorcycle Inspection For 100th Anniversary,12/13/2013 - Driver Fatally Shot after Los Angeles High-Speed Chase,Gloucester Township Police- GTPD K-9 Unit's Cpl. Kaelin on Fox News in NYC 5-7-2011,Gloucester Township Police- GTPD K-9 Unit's Cpl. Kaelin on Fox News in NYC 5-7-2011
bwox2efPwYk,_g1dmEElJDI,_g1dmEElJDI,_g1dmEElJDI,FK794UBFpMc
Wild Police Chase - South Los Angeles; CA - April 30; 2013,GCC Police Academy - Full Length Video,GCC Police Academy - Full Length Video,GCC Police Academy - Full Length Video,Gloucester Township Police- Press Conference- EMS Alliance Shut Down 6-26-2012
_g1dmEElJDI,bwox2efPwYk,uOAUatu23FU,n-536LGZVTA,_g1dmEElJDI
GCC Police Academy - Full Length Video,Wild Police Chase - South Los Angeles; CA - April 30; 2013,NJDOC Training Academy Class 222 Part 1,12/13/2013 - Driver Fatally Shot after Los Angeles High-Speed Chase,GCC Police Academy - Full Length Video
ARbuoLFb7js,Uu7sKtbocPs,q1gYEG1TzBk,q1gYEG1TzBk,uOAUatu23FU
WPD Drill Team Inspection 2011,36 Hours in Camden; NJ,[RAW/HQ] Oregon State Police Video Captures Fatal Freeway Shooting,[RAW/HQ] Oregon State Police Video Captures Fatal Freeway Shooting,NJDOC Training Academy Class 222 Part 1
Uu7sKtbocPs,yOZQzG_s_EY,bwox2efPwYk,bwox2efPwYk,hjgQJZt32jI
36 Hours in Camden; NJ,NJSP Academy Experience,Wild Police Chase - South Los Angeles; CA - April 30; 2013,Wild Police Chase - South Los Angeles; CA - April 30; 2013,Gloucester Township Police- K-9 Graduation- Schultz Painting; 6ABC Interviews 6-1-2011
U0KVHUKYogw,80MBhu58sJU,oSmu79NxyFY,uOAUatu23FU,bwox2efPwYk
Final Tribute to K-9 Shultz (GTPD).wmv,Camden County Seeks to Hire 400 Officers for New Police Force,LAPD Deputy Chief Hara Motorcycle Inspection For 100th Anniversary,NJDOC Training Academy Class 222 Part 1,Wild Police Chase - South Los Angeles; CA - April 30; 2013
hf3wFrdgAFI,U0KVHUKYogw,8dsgkEdZoy8,oSmu79NxyFY,oSmu79NxyFY
Gloucester Township Police- E-Ticketing Demonstration 2-15-2012,Final Tribute to K-9 Shultz (GTPD).wmv,Gloucester Township Police- K-9 Graduation- Chief Earle Remarks; Swearing In; Blessing 6-11-2011,LAPD Deputy Chief Hara Motorcycle Inspection For 100th Anniversary,LAPD Deputy Chief Hara Motorcycle Inspection For 100th Anniversary
rUWtW_m00Pw,rUWtW_m00Pw,yOZQzG_s_EY,8dsgkEdZoy8,ZqJ5m3VAI-4
Gloucester Township Police- Wheel Falls Off Car; Both Roll Past GTPD Cop Car Camera 3-20-2011,Gloucester Township Police- Wheel Falls Off Car; Both Roll Past GTPD Cop Car Camera 3-20-2011,NJSP Academy Experience,Gloucester Township Police- K-9 Graduation- Chief Earle Remarks; Swearing In; Blessing 6-11-2011,Passaic County Police Academy Class #11-40 Short Training Video
xZhCVbPZZ5w,ZqJ5m3VAI-4,80MBhu58sJU,yOZQzG_s_EY,IAUhKuMNeAI
Ocean County Police Academy Graduation SLEO 2 Classes 32 and 33,Passaic County Police Academy Class #11-40 Short Training Video,Camden County Seeks to Hire 400 Officers for New Police Force,NJSP Academy Experience,World's Scariest Most Shocking Stopped by the Police (Must Watch)
ZUPRaBM3NWA,ARbuoLFb7js,IAUhKuMNeAI,80MBhu58sJU,q1gYEG1TzBk
GCC Police Academy - Edited Video Short,WPD Drill Team Inspection 2011,World's Scariest Most Shocking Stopped by the Police (Must Watch),Camden County Seeks to Hire 400 Officers for New Police Force,[RAW/HQ] Oregon State Police Video Captures Fatal Freeway Shooting
QkaX7dko8K8,a8YawEOGzDs,rUWtW_m00Pw,rUWtW_m00Pw,E2TfQuQyheI
Step into the Blue #01 - Welcome to the SJPD,Camden Announces New County Police Force,Gloucester Township Police- Wheel Falls Off Car; Both Roll Past GTPD Cop Car Camera 3-20-2011,Gloucester Township Police- Wheel Falls Off Car; Both Roll Past GTPD Cop Car Camera 3-20-2011,Gloucester Township Police- E-Ticketing Shared Services Press Conference 2-15-2012
a8YawEOGzDs,c4yTAeGxbsc,U0KVHUKYogw,IAUhKuMNeAI,n-536LGZVTA
Camden Announces New County Police Force,SHOCKING: Gang of Bikers Terrorize Family in high-speed Chase,Final Tribute to K-9 Shultz (GTPD).wmv,World's Scariest Most Shocking Stopped by the Police (Must Watch),12/13/2013 - Driver Fatally Shot after Los Angeles High-Speed Chase
l5laC_OK4dI,xZhCVbPZZ5w,ZqJ5m3VAI-4,U0KVHUKYogw,80MBhu58sJU
Gloucester Township Police- Slideshow 3-2010,Ocean County Police Academy Graduation SLEO 2 Classes 32 and 33,Passaic County Police Academy Class #11-40 Short Training Video,Final Tribute to K-9 Shultz (GTPD).wmv,Camden County Seeks to Hire 400 Officers for New Police Force
zvt-J3htACk,l5laC_OK4dI,a8YawEOGzDs,ZqJ5m3VAI-4,QkaX7dko8K8
Police academy prepares recruits to serve and protect Newark   NJ.com.flv,Gloucester Township Police- Slideshow 3-2010,Camden Announces New County Police Force,Passaic County Police Academy Class #11-40 Short Training Video,Step into the Blue #01 - Welcome to the SJPD
c4yTAeGxbsc,ug_A-crIHyE,wkj18gOQRhw,wkj18gOQRhw,ALwuExQDcsE
SHOCKING: Gang of Bikers Terrorize Family in high-speed Chase,Regional Police Force Takes Over in Camden,THE FASTEST POLICE ARREST OF ALL TIME,THE FASTEST POLICE ARREST OF ALL TIME,Cape May County Police Academy Graduation
suIpkrrO3AA,suIpkrrO3AA,xZhCVbPZZ5w,F3l0dTeI04w,a8YawEOGzDs
FREEHOLDER DIRECTOR CAPPELLI - PROPOSED CAMDEN COUNTY POLICE FORCE MYTHS & FACTS,FREEHOLDER DIRECTOR CAPPELLI - PROPOSED CAMDEN COUNTY POLICE FORCE MYTHS & FACTS,Ocean County Police Academy Graduation SLEO 2 Classes 32 and 33,Tentara vs Polisi,Camden Announces New County Police Force
oRYU6EuyWsA,hE4BNaLBReg,c4yTAeGxbsc,a8YawEOGzDs,wkj18gOQRhw
Program Spotlight - Criminal Justice Police Academy,Camden County PD,SHOCKING: Gang of Bikers Terrorize Family in high-speed Chase,Camden Announces New County Police Force,THE FASTEST POLICE ARREST OF ALL TIME
ug_A-crIHyE,KxgtK_D4j_k,bXEH4CGW-KA,xZhCVbPZZ5w,c4yTAeGxbsc
Regional Police Force Takes Over in Camden,NJDOC Training Academy Class 219 (Part 3).wmv,Think Twice Before Passing The Police,Ocean County Police Academy Graduation SLEO 2 Classes 32 and 33,SHOCKING: Gang of Bikers Terrorize Family in high-speed Chase
KxgtK_D4j_k,Yk2Dwimn6S4,l5laC_OK4dI,bXEH4CGW-KA,xZhCVbPZZ5w
NJDOC Training Academy Class 219 (Part 3).wmv,Gloucester Township Police- Take Your Kid To Work Day 2012,Gloucester Township Police- Slideshow 3-2010,Think Twice Before Passing The Police,Ocean County Police Academy Graduation SLEO 2 Classes 32 and 33
hE4BNaLBReg,xKsftqaB3To,ALwuExQDcsE,ALwuExQDcsE,lbJCWYupkqQ
Camden County PD,Gloucester Township Police- Awards Night 2012 Highlights,Cape May County Police Academy Graduation,Cape May County Police Academy Graduation,Burglary Suspects; High Speed Chase South LA | 2-26-2013
ElvOQI3y_jo,ElvOQI3y_jo,lbJCWYupkqQ,c4yTAeGxbsc,xbUHXyGkGuY
Justin's Academy Inspection,Justin's Academy Inspection,Burglary Suspects; High Speed Chase South LA | 2-26-2013,SHOCKING: Gang of Bikers Terrorize Family in high-speed Chase,COPS VS BIKER !!! AMAZING CHASE !!! (FRANCE)
MD8-BW2mzy8,jXI7170ahNI,zNnDP0ouYwE,l5laC_OK4dI,zvt-J3htACk
Gloucester Township Police- Welcome to GTPD's New YouTube Channel!,Stupid Cop doesn't know what he's giving me a ticket for. Pretty damn funny.,The Last 20 years- US Army Fort Hamilton; NJSP New Jersey State Police; and WCCC Nursing School-,Gloucester Township Police- Slideshow 3-2010,Police academy prepares recruits to serve and protect Newark   NJ.com.flv
