A3C7_VpPH5g,A3C7_VpPH5g,A3C7_VpPH5g,A3C7_VpPH5g,A3C7_VpPH5g
Thu Jan 23 13:43:46 CET 2014,Fri Jan 24 13:53:32 CET 2014,Mon Jan 27 13:57:10 CET 2014,Tue Jan 28 12:20:00 CET 2014,Fri Jan 31 15:44:27 CET 2014
qxbZebVSbuo,qxbZebVSbuo,qxbZebVSbuo,qxbZebVSbuo,qxbZebVSbuo
Er komen weer chocolade paaseieren ... op de bon (1946),Er komen weer chocolade paaseieren ... op de bon (1946),Er komen weer chocolade paaseieren ... op de bon (1946),Er komen weer chocolade paaseieren ... op de bon (1946),Er komen weer chocolade paaseieren ... op de bon (1946)
NWt3InLkwkU,NWt3InLkwkU,NWt3InLkwkU,NWt3InLkwkU,NWt3InLkwkU
Eieren voor Pasen (1947),Eieren voor Pasen (1947),Eieren voor Pasen (1947),Eieren voor Pasen (1947),Eieren voor Pasen (1947)
RpBPoitJBi4,RpBPoitJBi4,RpBPoitJBi4,RpBPoitJBi4,RpBPoitJBi4
Jeugd van de eilanden in Amsterdam viert Palmpasen (1953),Jeugd van de eilanden in Amsterdam viert Palmpasen (1953),Jeugd van de eilanden in Amsterdam viert Palmpasen (1953),Jeugd van de eilanden in Amsterdam viert Palmpasen (1953),Jeugd van de eilanden in Amsterdam viert Palmpasen (1953)
lh-dvWI0Sik,1yzRWoVBJBY,j3zVPhNrY0o,j3zVPhNrY0o,j3zVPhNrY0o
U mag op zondag niet autorijden (1946),Zandzakken bij Denekamp (1963),Kerst-winterhulpcollectie (1941),Kerst-winterhulpcollectie (1941),Kerst-winterhulpcollectie (1941)
mVp0brA3Hpk,mVp0brA3Hpk,mVp0brA3Hpk,mVp0brA3Hpk,mVp0brA3Hpk
Christmas Songs 2013 (1hr Mix Playlist),Christmas Songs 2013 (1hr Mix Playlist),Christmas Songs 2013 (1hr Mix Playlist),Christmas Songs 2013 (1hr Mix Playlist),Christmas Songs 2013 (1hr Mix Playlist)
Tez9RZZIwC8,Tez9RZZIwC8,9ljI0a37Fo0,Tez9RZZIwC8,zm4eUTrHmHo
Chocolate Production,Chocolate Production,paaseieren en paashazen maken,Chocolate Production,Minions For Christmas!!!
x3b5OEX98L0,fdSZXL0RkwM,Tez9RZZIwC8,fdSZXL0RkwM,Tez9RZZIwC8
chocolade paaseitjes productie,Villancicos Navideños(1 hora),Chocolate Production,Villancicos Navideños(1 hora),Chocolate Production
j3zVPhNrY0o,0soVy4bItCY,fdSZXL0RkwM,0soVy4bItCY,v9Vosp44z28
Kerst-winterhulpcollectie (1941),3 Hours of Christmas music with Fireplace,Villancicos Navideños(1 hora),3 Hours of Christmas music with Fireplace,Jeugd vierde Palmpasen (1958)
v9Vosp44z28,v9Vosp44z28,ruqfW3xgX9s,ruqfW3xgX9s,fdSZXL0RkwM
Jeugd vierde Palmpasen (1958),Jeugd vierde Palmpasen (1958),www.WeZooz.be - Chocolade tableren,www.WeZooz.be - Chocolade tableren,Villancicos Navideños(1 hora)
fdSZXL0RkwM,ZyTOeE-qNWE,0soVy4bItCY,gWC2v39wDD0,rka9evA5okM
Villancicos Navideños(1 hora),Pasen: het seizoen voor chocola,3 Hours of Christmas music with Fireplace,www.WeZooz.be - Chocolade truffels maken.,Kunst op eieren
0soVy4bItCY,j3zVPhNrY0o,gWC2v39wDD0,v9Vosp44z28,0soVy4bItCY
3 Hours of Christmas music with Fireplace,Kerst-winterhulpcollectie (1941),www.WeZooz.be - Chocolade truffels maken.,Jeugd vierde Palmpasen (1958),3 Hours of Christmas music with Fireplace
xjczCj_y1rk,gWC2v39wDD0,v9Vosp44z28,O-c-ltP_src,ruqfW3xgX9s
Kerst Markt - X-mas Market,www.WeZooz.be - Chocolade truffels maken.,Jeugd vierde Palmpasen (1958),Koninklijk gezin viert kerstfeest met personeel (1957),www.WeZooz.be - Chocolade tableren
Ay_o1Cis1XQ,mYdXJsvTpBk,O-c-ltP_src,ZyTOeE-qNWE,gWC2v39wDD0
Kerstviering in Den Haag (1958),Sinterkerst deel 1,Koninklijk gezin viert kerstfeest met personeel (1957),Pasen: het seizoen voor chocola,www.WeZooz.be - Chocolade truffels maken.
ZyTOeE-qNWE,nK1nDRU8aFU,ZyTOeE-qNWE,rka9evA5okM,ZyTOeE-qNWE
Pasen: het seizoen voor chocola,Operatie kerstbal,Pasen: het seizoen voor chocola,Kunst op eieren,Pasen: het seizoen voor chocola
mYdXJsvTpBk,uLm6l2csLKQ,Wb-8KTTnCJA,mxrkU_HZJKE,O-c-ltP_src
Sinterkerst deel 1,Tiny en Lau met Kerst 2009 - NIEUW 2009 (origineel),www.WeZooz.be - Chocoladerecept : Basisganache maken,Opname hoorspel 'Nodeloos Avontuur' (1954),Koninklijk gezin viert kerstfeest met personeel (1957)
nK1nDRU8aFU,mxrkU_HZJKE,mxrkU_HZJKE,18JwvABtsaM,mxrkU_HZJKE
Operatie kerstbal,Opname hoorspel 'Nodeloos Avontuur' (1954),Opname hoorspel 'Nodeloos Avontuur' (1954),Grafisch Lyceum Utrecht - Kerst 2008,Opname hoorspel 'Nodeloos Avontuur' (1954)
mxrkU_HZJKE,rka9evA5okM,rka9evA5okM,Wb-8KTTnCJA,jTBu1XDS4RI
Opname hoorspel 'Nodeloos Avontuur' (1954),Kunst op eieren,Kunst op eieren,www.WeZooz.be - Chocoladerecept : Basisganache maken,Pasen (1973)
uLm6l2csLKQ,Wb-8KTTnCJA,OuHCcvKbmHQ,cAK8Xgt2xEg,rpm-_5VNySU
Tiny en Lau met Kerst 2009 - NIEUW 2009 (origineel),www.WeZooz.be - Chocoladerecept : Basisganache maken,2009 Sinterklaas uittocht City Haarlem,Kaelyn's Christmas 2013,Etching: Chocolate Rose - Friesche Vlag World of Latte
ts57_fuAbTk,NVBq41TSptQ,tft-RvrHvCc,OuHCcvKbmHQ,Wb-8KTTnCJA
Nieuwe wegen-machine (1959),Kerst 1957,Chocolade fabriek Sittard,2009 Sinterklaas uittocht City Haarlem,www.WeZooz.be - Chocoladerecept : Basisganache maken
rka9evA5okM,tft-RvrHvCc,3SpuNYq8gfo,tft-RvrHvCc,OuHCcvKbmHQ
Kunst op eieren,Chocolade fabriek Sittard,Contact Center Agent Day 2009,Chocolade fabriek Sittard,2009 Sinterklaas uittocht City Haarlem
jTBu1XDS4RI,OuHCcvKbmHQ,jTBu1XDS4RI,3SpuNYq8gfo,4JeiB8J2Buw
Pasen (1973),2009 Sinterklaas uittocht City Haarlem,Pasen (1973),Contact Center Agent Day 2009,NOKA Chocolate - How Luxury Chocolate is Made
OuHCcvKbmHQ,3SpuNYq8gfo,cAK8Xgt2xEg,jTBu1XDS4RI,3SpuNYq8gfo
2009 Sinterklaas uittocht City Haarlem,Contact Center Agent Day 2009,Kaelyn's Christmas 2013,Pasen (1973),Contact Center Agent Day 2009
NVBq41TSptQ,jTBu1XDS4RI,SOliFgQOH8A,SOliFgQOH8A,xDCQFjqEJII
Kerst 1957,Pasen (1973),sinterklaas chocolade praline letters,sinterklaas chocolade praline letters,Cornetje vouwen (uitleg)
SOliFgQOH8A,SOliFgQOH8A,4JeiB8J2Buw,4JeiB8J2Buw,tft-RvrHvCc
sinterklaas chocolade praline letters,sinterklaas chocolade praline letters,NOKA Chocolate - How Luxury Chocolate is Made,NOKA Chocolate - How Luxury Chocolate is Made,Chocolade fabriek Sittard
tft-RvrHvCc,rpm-_5VNySU,ozaRP_ce6Ic,ozaRP_ce6Ic,ozaRP_ce6Ic
Chocolade fabriek Sittard,Etching: Chocolate Rose - Friesche Vlag World of Latte,Kerst: de geboorte van Jezus,Kerst: de geboorte van Jezus,Kerst: de geboorte van Jezus
