ArADqrplH6Q,ArADqrplH6Q,ArADqrplH6Q,ArADqrplH6Q,ArADqrplH6Q
Thu Jan 23 13:43:46 CET 2014,Fri Jan 24 13:53:32 CET 2014,Mon Jan 27 13:57:10 CET 2014,Tue Jan 28 12:20:00 CET 2014,Fri Jan 31 15:44:27 CET 2014
UMT9ejtEsoo,UMT9ejtEsoo,UMT9ejtEsoo,UMT9ejtEsoo,UMT9ejtEsoo
Het beste van de TV Draait Door 2013,Het beste van de TV Draait Door 2013,Het beste van de TV Draait Door 2013,Het beste van de TV Draait Door 2013,Het beste van de TV Draait Door 2013
bDE9-Pt1kms,bDE9-Pt1kms,bDE9-Pt1kms,bDE9-Pt1kms,bDE9-Pt1kms
Zomergasten - Hans Teeuwen. Fragment 'een prettig gesprek' met Pim Fortuyn en Theo van Gogh.,Zomergasten - Hans Teeuwen. Fragment 'een prettig gesprek' met Pim Fortuyn en Theo van Gogh.,Zomergasten - Hans Teeuwen. Fragment 'een prettig gesprek' met Pim Fortuyn en Theo van Gogh.,Zomergasten - Hans Teeuwen. Fragment 'een prettig gesprek' met Pim Fortuyn en Theo van Gogh.,Zomergasten - Hans Teeuwen. Fragment 'een prettig gesprek' met Pim Fortuyn en Theo van Gogh.
IybDhH3WqkM,IybDhH3WqkM,f0hQ3_Dlfc0,f0hQ3_Dlfc0,8v1uRBBr-B0
Mart Smeets Matthijs van Nieuwkerk is nog stommer dan hij eruit ziet.,Mart Smeets Matthijs van Nieuwkerk is nog stommer dan hij eruit ziet.,Hans Teeuwen Zomergasten 2013,Hans Teeuwen Zomergasten 2013,How To Trick People into Thinking you can Speak Dutch
8v1uRBBr-B0,f0hQ3_Dlfc0,IybDhH3WqkM,IybDhH3WqkM,f0hQ3_Dlfc0
How To Trick People into Thinking you can Speak Dutch,Hans Teeuwen Zomergasten 2013,Mart Smeets Matthijs van Nieuwkerk is nog stommer dan hij eruit ziet.,Mart Smeets Matthijs van Nieuwkerk is nog stommer dan hij eruit ziet.,Hans Teeuwen Zomergasten 2013
f0hQ3_Dlfc0,D-CDpMtXO8s,8v1uRBBr-B0,8v1uRBBr-B0,IybDhH3WqkM
Hans Teeuwen Zomergasten 2013,De TV Draait Door 08-01-2014,How To Trick People into Thinking you can Speak Dutch,How To Trick People into Thinking you can Speak Dutch,Mart Smeets Matthijs van Nieuwkerk is nog stommer dan hij eruit ziet.
D-CDpMtXO8s,GI9lPuZ68c8,D-CDpMtXO8s,D-CDpMtXO8s,XluxxcxLeXk
De TV Draait Door 08-01-2014,De TV Draait Door 04-01-2014,De TV Draait Door 08-01-2014,De TV Draait Door 08-01-2014,Daan Roosegaarde bij De Wereld Draait Door 29 nov 2012
mLnrc2P-4o8,XluxxcxLeXk,XluxxcxLeXk,EGIhzM6Kh_0,a6i4CEmLHNU
Daan Roosegaarde zomergasten 2013,Daan Roosegaarde bij De Wereld Draait Door 29 nov 2012,Daan Roosegaarde bij De Wereld Draait Door 29 nov 2012,De TV Draait Door 10-01-2014,Prem Draait Door ! [weggestuurd bij DWDD]
XluxxcxLeXk,8v1uRBBr-B0,mLnrc2P-4o8,XluxxcxLeXk,m87UUsCgaKY
Daan Roosegaarde bij De Wereld Draait Door 29 nov 2012,How To Trick People into Thinking you can Speak Dutch,Daan Roosegaarde zomergasten 2013,Daan Roosegaarde bij De Wereld Draait Door 29 nov 2012,De Wereld Draait Door met Daan Roosegaarde: Delen is het nieuwe hebben 13Feb2013
m87UUsCgaKY,mLnrc2P-4o8,m87UUsCgaKY,mLnrc2P-4o8,dQtyW7N2HWw
De Wereld Draait Door met Daan Roosegaarde: Delen is het nieuwe hebben 13Feb2013,Daan Roosegaarde zomergasten 2013,De Wereld Draait Door met Daan Roosegaarde: Delen is het nieuwe hebben 13Feb2013,Daan Roosegaarde zomergasten 2013,Sexual Intimacy In Marriage - What's Halal & Haram?
RcGyVTAoXEU,m87UUsCgaKY,S4JX72CcmUs,m87UUsCgaKY,S4JX72CcmUs
Kelly McGonigal: How to make stress your friend,De Wereld Draait Door met Daan Roosegaarde: Delen is het nieuwe hebben 13Feb2013,Discussie Verhuftering NL Prem vs Theo DWDD 11-1-2012,De Wereld Draait Door met Daan Roosegaarde: Delen is het nieuwe hebben 13Feb2013,Discussie Verhuftering NL Prem vs Theo DWDD 11-1-2012
xY76-AcsL20,rHR943AWA4s,xY76-AcsL20,rnFiUyK6sM4,xY76-AcsL20
De TV Draait Door 13-01-2014,De TV Draait Door 01-01-2014,De TV Draait Door 13-01-2014,De TV Draait Door 15-01-2014,De TV Draait Door 13-01-2014
36m1o-tM05g,lbBqPTXzkKI,RcGyVTAoXEU,S4JX72CcmUs,k1tguxG7aI4
My philosophy for a happy life: Sam Berns at TEDxMidAtlantic 2013,Daan Roosegaarde,Kelly McGonigal: How to make stress your friend,Discussie Verhuftering NL Prem vs Theo DWDD 11-1-2012,Het Beste van De Wereld Draait Door 2012 - Deel 1 van 3
x0bFJ3w45qs,xY76-AcsL20,36m1o-tM05g,xY76-AcsL20,x0bFJ3w45qs
Hans Teeuwen - Kaboutertje,De TV Draait Door 13-01-2014,My philosophy for a happy life: Sam Berns at TEDxMidAtlantic 2013,De TV Draait Door 13-01-2014,Hans Teeuwen - Kaboutertje
S4JX72CcmUs,36m1o-tM05g,k1tguxG7aI4,36m1o-tM05g,rnFiUyK6sM4
Discussie Verhuftering NL Prem vs Theo DWDD 11-1-2012,My philosophy for a happy life: Sam Berns at TEDxMidAtlantic 2013,Het Beste van De Wereld Draait Door 2012 - Deel 1 van 3,My philosophy for a happy life: Sam Berns at TEDxMidAtlantic 2013,De TV Draait Door 15-01-2014
DRefozhZZq8,x0bFJ3w45qs,x0bFJ3w45qs,tzzhMvEEawA,ejoV4fN_66o
De TV Draait Door 07-01-2014,Hans Teeuwen - Kaboutertje,Hans Teeuwen - Kaboutertje,De TV Draait Door 20-12-2013,How to Make a Relationship Powerful - Some Quick Tips
Lceg9Md9sTI,S4JX72CcmUs,pl_GJHvKo8Y,x0bFJ3w45qs,tzzhMvEEawA
BBC News Why do so many Dutch people cycle,Discussie Verhuftering NL Prem vs Theo DWDD 11-1-2012,TEDx 2011 Daan Roosegaarde: Using technology for poetry,Hans Teeuwen - Kaboutertje,De TV Draait Door 20-12-2013
ejoV4fN_66o,wOpYs8hvi0k,tzzhMvEEawA,ejoV4fN_66o,mLnrc2P-4o8
How to Make a Relationship Powerful - Some Quick Tips,Waardenberg En De Jong - Pot,De TV Draait Door 20-12-2013,How to Make a Relationship Powerful - Some Quick Tips,Daan Roosegaarde zomergasten 2013
wOpYs8hvi0k,1DqMQM5i2Y8,ejoV4fN_66o,1DqMQM5i2Y8,36m1o-tM05g
Waardenberg En De Jong - Pot,The Netherlands & The Dutch Culture,How to Make a Relationship Powerful - Some Quick Tips,The Netherlands & The Dutch Culture,My philosophy for a happy life: Sam Berns at TEDxMidAtlantic 2013
k1tguxG7aI4,6RtRxm91T8U,1DqMQM5i2Y8,KM4Xe6Dlp0Y,KM4Xe6Dlp0Y
Het Beste van De Wereld Draait Door 2012 - Deel 1 van 3,Zomergast Daan Roosegaarde: modebieltjes,The Netherlands & The Dutch Culture,Cameron Russell: Looks aren't everything. Believe me; I'm a model.,Cameron Russell: Looks aren't everything. Believe me; I'm a model.
1DqMQM5i2Y8,ejoV4fN_66o,KM4Xe6Dlp0Y,6RtRxm91T8U,NDN83qUpOV0
The Netherlands & The Dutch Culture,How to Make a Relationship Powerful - Some Quick Tips,Cameron Russell: Looks aren't everything. Believe me; I'm a model.,Zomergast Daan Roosegaarde: modebieltjes,Abstrakte Kunst
NDN83qUpOV0,KM4Xe6Dlp0Y,6RtRxm91T8U,-Y04V6kfDP4,4NstJ1frYck
Abstrakte Kunst,Cameron Russell: Looks aren't everything. Believe me; I'm a model.,Zomergast Daan Roosegaarde: modebieltjes,Test_Lab: Intimate Interfaces: Studio Roosegaarde,Philippe Geubels bij DWDD
KM4Xe6Dlp0Y,vBZGzDSJsIg,yWYlWtCBvsc,MeiHi9RSA-k,MeiHi9RSA-k
Cameron Russell: Looks aren't everything. Believe me; I'm a model.,ArchiTV: het Nieuwe Werken van Daan Roosegaarde,Koning Willy Willem Alexander - 'De Compilatie video' - Lucky TV 2013,Hans Teeuwen - Jezus Christus Joden Allah en Hells Angels - Dat Dan Weer Wel,Hans Teeuwen - Jezus Christus Joden Allah en Hells Angels - Dat Dan Weer Wel
1vZMMH1GEaU,NDN83qUpOV0,MeiHi9RSA-k,Ks-_Mh1QhMc,Ks-_Mh1QhMc
Nick Clegg speaking fluent Dutch in tv interview with NOVA,Abstrakte Kunst,Hans Teeuwen - Jezus Christus Joden Allah en Hells Angels - Dat Dan Weer Wel,Amy Cuddy: Your body language shapes who you are,Amy Cuddy: Your body language shapes who you are
Ks-_Mh1QhMc,yNvYkHI6Jik,-Y04V6kfDP4,yWYlWtCBvsc,vAkjHDAij_Q
Amy Cuddy: Your body language shapes who you are,Nova College Tour - Hans Teeuwen (2007),Test_Lab: Intimate Interfaces: Studio Roosegaarde,Koning Willy Willem Alexander - 'De Compilatie video' - Lucky TV 2013,Hans Teeuwen - Blanken en Negers - Dat Dan Weer Wel
6RtRxm91T8U,4NstJ1frYck,Ks-_Mh1QhMc,4NstJ1frYck,vBZGzDSJsIg
Zomergast Daan Roosegaarde: modebieltjes,Philippe Geubels bij DWDD,Amy Cuddy: Your body language shapes who you are,Philippe Geubels bij DWDD,ArchiTV: het Nieuwe Werken van Daan Roosegaarde
