escZxOtW8D4,escZxOtW8D4,escZxOtW8D4,escZxOtW8D4,escZxOtW8D4
Thu Jan 23 13:43:46 CET 2014,Fri Jan 24 13:53:32 CET 2014,Mon Jan 27 13:57:10 CET 2014,Tue Jan 28 12:20:00 CET 2014,Fri Jan 31 15:44:27 CET 2014
tfw0KapQ3qw,b7q9hTRcJYQ,PInZwpG58gk,PInZwpG58gk,PInZwpG58gk
Chaplin Modern Times - Factory Scene (HD - 720p),Charlie Chaplin: The Kid (1921),Charlie Chaplin live and kicking at Covent Gardens - London.,Charlie Chaplin live and kicking at Covent Gardens - London.,Charlie Chaplin live and kicking at Covent Gardens - London.
gcUKUp_nuCo,tfw0KapQ3qw,tfw0KapQ3qw,tfw0KapQ3qw,b7q9hTRcJYQ
Italian Charlie Chaplin,Chaplin Modern Times - Factory Scene (HD - 720p),Chaplin Modern Times - Factory Scene (HD - 720p),Chaplin Modern Times - Factory Scene (HD - 720p),Charlie Chaplin: The Kid (1921)
M-KWaiqWcQw,PInZwpG58gk,xGbfB79wZEA,xGbfB79wZEA,tfw0KapQ3qw
Charlie chaplin dance,Charlie Chaplin live and kicking at Covent Gardens - London.,American's Charlie Chaplin cover to Firenze,American's Charlie Chaplin cover to Firenze,Chaplin Modern Times - Factory Scene (HD - 720p)
PInZwpG58gk,xGbfB79wZEA,b7q9hTRcJYQ,b7q9hTRcJYQ,M-KWaiqWcQw
Charlie Chaplin live and kicking at Covent Gardens - London.,American's Charlie Chaplin cover to Firenze,Charlie Chaplin: The Kid (1921),Charlie Chaplin: The Kid (1921),Charlie chaplin dance
b7q9hTRcJYQ,ZvLEEnrIpGs,M-KWaiqWcQw,M-KWaiqWcQw,PZa46IiECGk
Charlie Chaplin: The Kid (1921),Part 2 Charlie Chaplin trailer from Edinburgh comedy festival 2010,Charlie chaplin dance,Charlie chaplin dance,My Dad; Age 90; Still Alive and Well as Charlie Chaplin
ZRMvsc5g9Dw,M-KWaiqWcQw,PZa46IiECGk,PZa46IiECGk,Le_Bzc5y-RI
Charles Chaplin: One A.M. (1916),Charlie chaplin dance,My Dad; Age 90; Still Alive and Well as Charlie Chaplin,My Dad; Age 90; Still Alive and Well as Charlie Chaplin,Charlie Chaplin impersonator; London; South Bank (2nd half)
PZa46IiECGk,Le_Bzc5y-RI,n_1apYo6-Ow,n_1apYo6-Ow,n_1apYo6-Ow
My Dad; Age 90; Still Alive and Well as Charlie Chaplin,Charlie Chaplin impersonator; London; South Bank (2nd half),Charlie Chaplin - Eating Machine,Charlie Chaplin - Eating Machine,Charlie Chaplin - Eating Machine
0gY0JR6s38g,PZa46IiECGk,0gY0JR6s38g,ZRMvsc5g9Dw,ZRMvsc5g9Dw
Charlie Chaplin - Tempos modernos (1936) - Legendado - Filme completo,My Dad; Age 90; Still Alive and Well as Charlie Chaplin,Charlie Chaplin - Tempos modernos (1936) - Legendado - Filme completo,Charles Chaplin: One A.M. (1916),Charles Chaplin: One A.M. (1916)
Le_Bzc5y-RI,0gY0JR6s38g,ZRMvsc5g9Dw,0gY0JR6s38g,0gY0JR6s38g
Charlie Chaplin impersonator; London; South Bank (2nd half),Charlie Chaplin - Tempos modernos (1936) - Legendado - Filme completo,Charles Chaplin: One A.M. (1916),Charlie Chaplin - Tempos modernos (1936) - Legendado - Filme completo,Charlie Chaplin - Tempos modernos (1936) - Legendado - Filme completo
7V7M9EU1xZE,YJW8DHds_kc,Le_Bzc5y-RI,Le_Bzc5y-RI,SrkW_kgISMQ
Charlie Chaplin Modern Times.1936.RahuL.flv,The Kid - Charlie Chaplin - (Película completa subtítulos en español),Charlie Chaplin impersonator; London; South Bank (2nd half),Charlie Chaplin impersonator; London; South Bank (2nd half),[FINAL] Dipanshu-Sayan: The Chaplin Effect
GjzEdbVF4iM,ZRMvsc5g9Dw,GjzEdbVF4iM,GjzEdbVF4iM,GjzEdbVF4iM
Charlie Chaplin in "The Immigrant" (1917),Charles Chaplin: One A.M. (1916),Charlie Chaplin in "The Immigrant" (1917),Charlie Chaplin in "The Immigrant" (1917),Charlie Chaplin in "The Immigrant" (1917)
WlLlWbx9El0,GjzEdbVF4iM,79i84xYelZI,79i84xYelZI,7V7M9EU1xZE
il Monello pt 1,Charlie Chaplin in "The Immigrant" (1917),Charlie Chaplin - The Lion's Cage,Charlie Chaplin - The Lion's Cage,Charlie Chaplin Modern Times.1936.RahuL.flv
dX25PDBb708,7V7M9EU1xZE,7V7M9EU1xZE,7V7M9EU1xZE,2XzKZzhrK-E
The Great Dictator (1940) - Charlie Chaplin - Final Speech - Music - Hans Zimmer - Time - Subtitles,Charlie Chaplin Modern Times.1936.RahuL.flv,Charlie Chaplin Modern Times.1936.RahuL.flv,Charlie Chaplin Modern Times.1936.RahuL.flv,THE KID (1921) - Full Movie - Captioned
WPduQ2jhmMo,dGEGmTKs99g,WPduQ2jhmMo,WPduQ2jhmMo,DvVQOOu1AUY
Teatro Gianduja - Marionette Lupi (Turin; Italy),Charlie Chaplin - Florença,Teatro Gianduja - Marionette Lupi (Turin; Italy),Teatro Gianduja - Marionette Lupi (Turin; Italy),Charlie Chaplin
IxBdWqSW7Jo,79i84xYelZI,DvVQOOu1AUY,DvVQOOu1AUY,OVMObVMrqHU
Tiempos Modernos (Charles Chaplin) completa; español,Charlie Chaplin - The Lion's Cage,Charlie Chaplin,Charlie Chaplin,Shirley et Dino Les marionnettes by FrancoisGomezTV
USLkZvL0-c4,dX25PDBb708,WlLlWbx9El0,WlLlWbx9El0,dX25PDBb708
Cent'anni con Il Monello- Recensione (Parte 1),The Great Dictator (1940) - Charlie Chaplin - Final Speech - Music - Hans Zimmer - Time - Subtitles,il Monello pt 1,il Monello pt 1,The Great Dictator (1940) - Charlie Chaplin - Final Speech - Music - Hans Zimmer - Time - Subtitles
B15Qc1j8I_Q,qNseEVlaCl4,qNseEVlaCl4,QxcXzqr2yUM,QxcXzqr2yUM
Charlie Chaplin - Il Monello (1921) - Il monello sottratto a Charlot,The Kid - Charlie Chaplin,The Kid - Charlie Chaplin,Incredible Charlie Chaplin Speech (Imitating Hitler),Incredible Charlie Chaplin Speech (Imitating Hitler)
OG13Jozk1oc,BfeFSeWA5nQ,dX25PDBb708,qNseEVlaCl4,WlLlWbx9El0
Les temps modernes (Extrait 2/17 - Machines folles),Charles Chaplin in Firenze/Abril 2011,The Great Dictator (1940) - Charlie Chaplin - Final Speech - Music - Hans Zimmer - Time - Subtitles,The Kid - Charlie Chaplin,il Monello pt 1
2o40GKCwtd8,BdqiIzctRNo,QxcXzqr2yUM,dX25PDBb708,USLkZvL0-c4
Charlie Chapline | Performance | Parody,Late night Charlie Chaplin performance in the streets of Florence; Italy,Incredible Charlie Chaplin Speech (Imitating Hitler),The Great Dictator (1940) - Charlie Chaplin - Final Speech - Music - Hans Zimmer - Time - Subtitles,Cent'anni con Il Monello- Recensione (Parte 1)
OVMObVMrqHU,IxBdWqSW7Jo,2XzKZzhrK-E,2XzKZzhrK-E,jR3TSad_zUc
Shirley et Dino Les marionnettes by FrancoisGomezTV,Tiempos Modernos (Charles Chaplin) completa; español,THE KID (1921) - Full Movie - Captioned,THE KID (1921) - Full Movie - Captioned,Tommy Chaplin (Charles Chaplin Imitation)
ODHgPJNbNws,OG13Jozk1oc,IxBdWqSW7Jo,BfeFSeWA5nQ,WPduQ2jhmMo
Joseph Sternweiler - Charlie Chaplin 2,Les temps modernes (Extrait 2/17 - Machines folles),Tiempos Modernos (Charles Chaplin) completa; español,Charles Chaplin in Firenze/Abril 2011,Teatro Gianduja - Marionette Lupi (Turin; Italy)
L65fCMR7xjY,mChU6mjBXqA,BfeFSeWA5nQ,dGEGmTKs99g,OG13Jozk1oc
Mo est Charlie Chaplin,Cameo di Charlie Chaplin in "La Contessa di Hong Kong",Charles Chaplin in Firenze/Abril 2011,Charlie Chaplin - Florença,Les temps modernes (Extrait 2/17 - Machines folles)
7L1cFwPVKLQ,B15Qc1j8I_Q,USLkZvL0-c4,USLkZvL0-c4,aPpXunWFP4U
charlie chaplin: greatest dancer in the world,Charlie Chaplin - Il Monello (1921) - Il monello sottratto a Charlot,Cent'anni con Il Monello- Recensione (Parte 1),Cent'anni con Il Monello- Recensione (Parte 1),Talentshow DSM 2013 Charles Chaplin (Paloma Agudo performance)
qNseEVlaCl4,2o40GKCwtd8,dGEGmTKs99g,OG13Jozk1oc,2o40GKCwtd8
The Kid - Charlie Chaplin,Charlie Chapline | Performance | Parody,Charlie Chaplin - Florença,Les temps modernes (Extrait 2/17 - Machines folles),Charlie Chapline | Performance | Parody
J3Pl-qvA1X8,ODHgPJNbNws,OG13Jozk1oc,OVMObVMrqHU,L65fCMR7xjY
Charlie Chaplin receiving an Honorary Oscar®,Joseph Sternweiler - Charlie Chaplin 2,Les temps modernes (Extrait 2/17 - Machines folles),Shirley et Dino Les marionnettes by FrancoisGomezTV,Mo est Charlie Chaplin
