KVrKitkT1hI,KVrKitkT1hI,KVrKitkT1hI,KVrKitkT1hI,KVrKitkT1hI
Thu Jan 23 13:43:46 CET 2014,Fri Jan 24 13:53:32 CET 2014,Mon Jan 27 13:57:10 CET 2014,Tue Jan 28 12:20:00 CET 2014,Fri Jan 31 15:44:27 CET 2014
JZwTpoOdb4E,99OClsVSUN8,99OClsVSUN8,99OClsVSUN8,JZwTpoOdb4E
fox christmas hunt,Vossenstreken. De jacht (op vossen) in Vlaanderen,Vossenstreken. De jacht (op vossen) in Vlaanderen,Vossenstreken. De jacht (op vossen) in Vlaanderen,fox christmas hunt
dkhZJFwT-2c,dXyBaElH9G8,dXyBaElH9G8,dXyBaElH9G8,df7qaFmAtqM
vossenjacht in de Bossen van overloon 18-02-2012,Showroom - De Koninklijke Nederlandse Jachtvereniging,Showroom - De Koninklijke Nederlandse Jachtvereniging,Showroom - De Koninklijke Nederlandse Jachtvereniging,Fox hunting with dogs
1WVs52SsuYQ,sXBLQ3iVieU,JZwTpoOdb4E,JZwTpoOdb4E,dkhZJFwT-2c
Bicycle trip: Amersfoort - Den Treek - Woudenberg - Zeist,Slipjacht Hoevelaken 2011,fox christmas hunt,fox christmas hunt,vossenjacht in de Bossen van overloon 18-02-2012
w18AO_PxcHs,dkhZJFwT-2c,dkhZJFwT-2c,K9W0qtYMuck,1WVs52SsuYQ
Slipjacht Waalre 2013 clip v2,vossenjacht in de Bossen van overloon 18-02-2012,vossenjacht in de Bossen van overloon 18-02-2012,Amsterdamse Bos TV (9) - RTVAmstelveen,Bicycle trip: Amersfoort - Den Treek - Woudenberg - Zeist
q25JkXjeRmE,di0noOwxzjA,K9W0qtYMuck,dkhZJFwT-2c,sXBLQ3iVieU
Fox Hunt - Montana 2011,Jachtrit St-Hubert.m2ts,Amsterdamse Bos TV (9) - RTVAmstelveen,vossenjacht in de Bossen van overloon 18-02-2012,Slipjacht Hoevelaken 2011
qEbpmSlFz2w,qbskU3p_ao4,sXBLQ3iVieU,sXBLQ3iVieU,u9Sqbwaro90
Slipjacht in Westendorp (archieffilm uit 1992),slipjacht winterswijk,Slipjacht Hoevelaken 2011,Slipjacht Hoevelaken 2011,Hunting fox; calling redfox using Weisskirchen bird distress and Clausen Predatorcall 1
flmE9AXs_mM,JZwTpoOdb4E,di0noOwxzjA,di0noOwxzjA,qCr_CjxzxqA
slipjacht ronostrand,fox christmas hunt,Jachtrit St-Hubert.m2ts,Jachtrit St-Hubert.m2ts,Vossenjacht tijdens maisoogst
CwSfLox0Dls,w18AO_PxcHs,q25JkXjeRmE,q25JkXjeRmE,ILKDpQ79JV8
In en om Leusden een dorp in Nederland .,Slipjacht Waalre 2013 clip v2,Fox Hunt - Montana 2011,Fox Hunt - Montana 2011,Hunting fox using Clausen Predatorcall 1;  great killscene and shot. Lokkejakt på rev
-BjJzrOPWyg,q25JkXjeRmE,1WVs52SsuYQ,qbskU3p_ao4,8uiXU8rD0hM
Slipjacht,Fox Hunt - Montana 2011,Bicycle trip: Amersfoort - Den Treek - Woudenberg - Zeist,slipjacht winterswijk,st hubertusjacht 2012
u9Sqbwaro90,K9W0qtYMuck,qbskU3p_ao4,1WVs52SsuYQ,z4fUuvhwHLE
Hunting fox; calling redfox using Weisskirchen bird distress and Clausen Predatorcall 1,Amsterdamse Bos TV (9) - RTVAmstelveen,slipjacht winterswijk,Bicycle trip: Amersfoort - Den Treek - Woudenberg - Zeist,Foxing - Brilliant HD night vision fox shooting
8uiXU8rD0hM,XEithvL1Aqw,XEithvL1Aqw,XEithvL1Aqw,yHkvwPbQ4Ys
st hubertusjacht 2012,Slipjacht 2012 Winterswijk 17 november 2012 [Full HD 1080p],Slipjacht 2012 Winterswijk 17 november 2012 [Full HD 1080p],Slipjacht 2012 Winterswijk 17 november 2012 [Full HD 1080p],Slipjacht RuurloVandaag.nl
ieRITMsJhT8,ky4T7yKJ9h0,w18AO_PxcHs,w18AO_PxcHs,CwSfLox0Dls
Slipjacht Molenhoek - Heumen,The Shooting Show -- muntjac double and the Monteria,Slipjacht Waalre 2013 clip v2,Slipjacht Waalre 2013 clip v2,In en om Leusden een dorp in Nederland .
UL38nvuKazM,CwSfLox0Dls,u9Sqbwaro90,ILKDpQ79JV8,b73QZjU6zUs
Fox captured barehanded,In en om Leusden een dorp in Nederland .,Hunting fox; calling redfox using Weisskirchen bird distress and Clausen Predatorcall 1,Hunting fox using Clausen Predatorcall 1;  great killscene and shot. Lokkejakt på rev,Fox Hunting - Up close pest  eradication.
yHkvwPbQ4Ys,u9Sqbwaro90,atKBgZ0oUmI,atKBgZ0oUmI,8l7gTcc_oXM
Slipjacht RuurloVandaag.nl,Hunting fox; calling redfox using Weisskirchen bird distress and Clausen Predatorcall 1,Traditionele Oudjaars-Slipjacht Alem,Traditionele Oudjaars-Slipjacht Alem,Slipjacht Hummelo 2012
ILKDpQ79JV8,8uiXU8rD0hM,8uiXU8rD0hM,u9Sqbwaro90,FkY7w8u6uEw
Hunting fox using Clausen Predatorcall 1;  great killscene and shot. Lokkejakt på rev,st hubertusjacht 2012,st hubertusjacht 2012,Hunting fox; calling redfox using Weisskirchen bird distress and Clausen Predatorcall 1,FOX RESCUED FROM THE SNAPPING JAWS OF HOUNDS
z4fUuvhwHLE,atKBgZ0oUmI,qCr_CjxzxqA,8uiXU8rD0hM,UL38nvuKazM
Foxing - Brilliant HD night vision fox shooting,Traditionele Oudjaars-Slipjacht Alem,Vossenjacht tijdens maisoogst,st hubertusjacht 2012,Fox captured barehanded
skHb90fQIQ8,UL38nvuKazM,ILKDpQ79JV8,qCr_CjxzxqA,Uig1Vpu6TLU
Hond springen - Agility,Fox captured barehanded,Hunting fox using Clausen Predatorcall 1;  great killscene and shot. Lokkejakt på rev,Vossenjacht tijdens maisoogst,Sint-Hubertusviering 2011
aHrIpQlbIIM,ILKDpQ79JV8,CwSfLox0Dls,CwSfLox0Dls,jfZtkTEjCH8
Fox Hunting In Australia - Conservation management,Hunting fox using Clausen Predatorcall 1;  great killscene and shot. Lokkejakt på rev,In en om Leusden een dorp in Nederland .,In en om Leusden een dorp in Nederland .,snuf de hond en de jacht op vliegende volckert 1
iXvQXMtgm6g,yHkvwPbQ4Ys,yHkvwPbQ4Ys,yHkvwPbQ4Ys,WNtftZbXCZI
Westfalia Columbus,Slipjacht RuurloVandaag.nl,Slipjacht RuurloVandaag.nl,Slipjacht RuurloVandaag.nl,2010 Slipjacht in het Amsterdamse Bos
Uig1Vpu6TLU,skHb90fQIQ8,z4fUuvhwHLE,z4fUuvhwHLE,pGSlpgyapv4
Sint-Hubertusviering 2011,Hond springen - Agility,Foxing - Brilliant HD night vision fox shooting,Foxing - Brilliant HD night vision fox shooting,Jachtpartij in het Gieterveld
p-S8VUgNvlE,z4fUuvhwHLE,b73QZjU6zUs,aHrIpQlbIIM,iXvQXMtgm6g
jachthoorn sint hubert,Foxing - Brilliant HD night vision fox shooting,Fox Hunting - Up close pest  eradication.,Fox Hunting In Australia - Conservation management,Westfalia Columbus
GRSIrZNQXmQ,iXvQXMtgm6g,aHrIpQlbIIM,8l7gTcc_oXM,skHb90fQIQ8
31e Hubertusjacht in prachtige herfstkleuren,Westfalia Columbus,Fox Hunting In Australia - Conservation management,Slipjacht Hummelo 2012,Hond springen - Agility
bBxyEFTuEYI,p-S8VUgNvlE,UL38nvuKazM,UL38nvuKazM,FU_sU4M0rbE
Rallye Westrode - Lange jacht te paard,jachthoorn sint hubert,Fox captured barehanded,Fox captured barehanded,Waidmanns Leid - Tierschützer bremsen Jäger aus - quer vom BR
FU_sU4M0rbE,Uig1Vpu6TLU,Uig1Vpu6TLU,FkY7w8u6uEw,6hI-tKyO6eA
Waidmanns Leid - Tierschützer bremsen Jäger aus - quer vom BR,Sint-Hubertusviering 2011,Sint-Hubertusviering 2011,FOX RESCUED FROM THE SNAPPING JAWS OF HOUNDS,Honden bestormen springconcours De Wijk
Iif8aDvt9iY,FU_sU4M0rbE,pGSlpgyapv4,Uig1Vpu6TLU,OGaqXF30BoM
Slapen in een yurt op de Kermisrose in Zeeland,Waidmanns Leid - Tierschützer bremsen Jäger aus - quer vom BR,Jachtpartij in het Gieterveld,Sint-Hubertusviering 2011,Slipjacht in Roden met koninklijke paarden DitisRoden.nl(itv)
