gqO5smUIAes,gqO5smUIAes,gqO5smUIAes,gqO5smUIAes,gqO5smUIAes
Thu Jan 23 13:43:46 CET 2014,Fri Jan 24 13:53:32 CET 2014,Mon Jan 27 13:57:10 CET 2014,Tue Jan 28 12:19:59 CET 2014,Fri Jan 31 15:44:27 CET 2014
_C56LHOHlUM,_C56LHOHlUM,_C56LHOHlUM,_C56LHOHlUM,_C56LHOHlUM
Airshow Seppe een blijvertje?,Airshow Seppe een blijvertje?,Airshow Seppe een blijvertje?,Airshow Seppe een blijvertje?,Airshow Seppe een blijvertje?
d8xKukmV8Ao,d8xKukmV8Ao,TMKbQNUmfuI,TMKbQNUmfuI,TMKbQNUmfuI
airshow Seppe de absolute top,airshow Seppe de absolute top,Tienervliegdag op Seppe airport,Tienervliegdag op Seppe airport,Tienervliegdag op Seppe airport
TMKbQNUmfuI,TMKbQNUmfuI,d8xKukmV8Ao,d8xKukmV8Ao,d8xKukmV8Ao
Tienervliegdag op Seppe airport,Tienervliegdag op Seppe airport,airshow Seppe de absolute top,airshow Seppe de absolute top,airshow Seppe de absolute top
nwwiLvtWZGI,GnIoz_L0YQo,GnIoz_L0YQo,GnIoz_L0YQo,nwwiLvtWZGI
Vliegveld Seppe bestaat 60 jaar: dit weekend airshow Seppe,videoverslag van het Bloemencorso2010,videoverslag van het Bloemencorso2010,videoverslag van het Bloemencorso2010,Vliegveld Seppe bestaat 60 jaar: dit weekend airshow Seppe
Q6q1VKsTeKQ,IljS8w3pnTo,IljS8w3pnTo,UkJ5P8-IvfU,UkJ5P8-IvfU
The Construction of a Light Aircraft (1943),Seppe Airshow 2010,Seppe Airshow 2010,Air Show Crashes | Air Show compilation part #1,Air Show Crashes | Air Show compilation part #1
_rPiJOEL8wQ,AVqJ_3T4ixQ,_rPiJOEL8wQ,IljS8w3pnTo,iO4CSnFFgm4
Air Show Crashes | Air Show compilation part # 4,Flying a glider emergency landing ran out of lift; all hell breaks loose Roy Dawson Realtor video,Air Show Crashes | Air Show compilation part # 4,Seppe Airshow 2010,Horrible Cessna crash - Student Pilot losses control after take off - Cockpit view
AVqJ_3T4ixQ,tlF0kf73zo8,n7cqhhctSoE,n7cqhhctSoE,IljS8w3pnTo
Flying a glider emergency landing ran out of lift; all hell breaks loose Roy Dawson Realtor video,Demontage F16,Air Show Crashes | Air Show compilation part # 3,Air Show Crashes | Air Show compilation part # 3,Seppe Airshow 2010
n7cqhhctSoE,m4zjMRBGblY,Qg3gBouyLg8,iO4CSnFFgm4,uDjaU3gSI9k
Air Show Crashes | Air Show compilation part # 3,de Havilland Dragon Rapide DH-89A at Warbirds Over the Beach 2013,de Havilland Dragon 'Rapide' classic flight - Coventry Airbase 2011,Horrible Cessna crash - Student Pilot losses control after take off - Cockpit view,Restored J3 Piper Cub First flight and crash.
uDjaU3gSI9k,_rPiJOEL8wQ,uDjaU3gSI9k,uDjaU3gSI9k,AQ2RMVrvtbg
Restored J3 Piper Cub First flight and crash.,Air Show Crashes | Air Show compilation part # 4,Restored J3 Piper Cub First flight and crash.,Restored J3 Piper Cub First flight and crash.,De Havilland DH-114 Heron Riley conversion.
SqgE12mvw-A,v_wIOAZ1lm0,-C7qrwyeSKk,Qg3gBouyLg8,fOZfJ7t6rwI
Cessna Crash Captured by Passenger,Taking to the skies in a Tiger Moth at Duxford,Insane Plane Crash Compilation | Explosions; Landing Gear Failures and Near Misses!!!,de Havilland Dragon 'Rapide' classic flight - Coventry Airbase 2011,Carbon Cub CC-11 180 HP Demonstration Flight
Qg3gBouyLg8,Q6q1VKsTeKQ,Q9WNnJprwzU,-C7qrwyeSKk,Q9WNnJprwzU
de Havilland Dragon 'Rapide' classic flight - Coventry Airbase 2011,The Construction of a Light Aircraft (1943),Boeing 767 Emergency Landing Warsaw 2011,Insane Plane Crash Compilation | Explosions; Landing Gear Failures and Near Misses!!!,Boeing 767 Emergency Landing Warsaw 2011
KnaO1RXXyY0,n7cqhhctSoE,U4xtX79_5ts,Q9WNnJprwzU,Q6q1VKsTeKQ
de Havilland DH.89 Dragon Rapide,Air Show Crashes | Air Show compilation part # 3,Tiger Moth - 1:2 Scale - Maiden,Boeing 767 Emergency Landing Warsaw 2011,The Construction of a Light Aircraft (1943)
7dSX7ge_6w8,Qg3gBouyLg8,Q6q1VKsTeKQ,U4xtX79_5ts,n7cqhhctSoE
Worst Ever AIRSHOW CRASH ramstein.wmv,de Havilland Dragon 'Rapide' classic flight - Coventry Airbase 2011,The Construction of a Light Aircraft (1943),Tiger Moth - 1:2 Scale - Maiden,Air Show Crashes | Air Show compilation part # 3
-C7qrwyeSKk,uDjaU3gSI9k,KnaO1RXXyY0,Q6q1VKsTeKQ,-C7qrwyeSKk
Insane Plane Crash Compilation | Explosions; Landing Gear Failures and Near Misses!!!,Restored J3 Piper Cub First flight and crash.,de Havilland DH.89 Dragon Rapide,The Construction of a Light Aircraft (1943),Insane Plane Crash Compilation | Explosions; Landing Gear Failures and Near Misses!!!
Q9WNnJprwzU,SqgE12mvw-A,SqgE12mvw-A,SqgE12mvw-A,U4xtX79_5ts
Boeing 767 Emergency Landing Warsaw 2011,Cessna Crash Captured by Passenger,Cessna Crash Captured by Passenger,Cessna Crash Captured by Passenger,Tiger Moth - 1:2 Scale - Maiden
U4xtX79_5ts,Q9WNnJprwzU,03XDSEdzMmA,AQ2RMVrvtbg,nLzrQfpmJpc
Tiger Moth - 1:2 Scale - Maiden,Boeing 767 Emergency Landing Warsaw 2011,Private jet flight; Paris-Zurich with Wijet Cessna Citation Mustang in HD,De Havilland DH-114 Heron Riley conversion.,Demo SAR helikopter Vliegshow Seppe 25 - 08 - 2012
AQ2RMVrvtbg,7dSX7ge_6w8,nLzrQfpmJpc,KnaO1RXXyY0,lu54pdBsA-o
De Havilland DH-114 Heron Riley conversion.,Worst Ever AIRSHOW CRASH ramstein.wmv,Demo SAR helikopter Vliegshow Seppe 25 - 08 - 2012,de Havilland DH.89 Dragon Rapide,2013 MCAS Yuma Air Show - AV8B Harrier Demo
lu54pdBsA-o,03XDSEdzMmA,5JZTpsfNl7s,03XDSEdzMmA,KnaO1RXXyY0
2013 MCAS Yuma Air Show - AV8B Harrier Demo,Private jet flight; Paris-Zurich with Wijet Cessna Citation Mustang in HD,de Havilland DH.115 Vampire jet,Private jet flight; Paris-Zurich with Wijet Cessna Citation Mustang in HD,de Havilland DH.89 Dragon Rapide
nLzrQfpmJpc,nLzrQfpmJpc,AQ2RMVrvtbg,nLzrQfpmJpc,rTLM3IHO0U0
Demo SAR helikopter Vliegshow Seppe 25 - 08 - 2012,Demo SAR helikopter Vliegshow Seppe 25 - 08 - 2012,De Havilland DH-114 Heron Riley conversion.,Demo SAR helikopter Vliegshow Seppe 25 - 08 - 2012,Unbelievable Airbus A400 vertical take-off + Amazing Air Show - Paris Air Show 2013 ( HD )
03XDSEdzMmA,-C7qrwyeSKk,KePs8Rd7DN8,2EN0a751Ph4,KePs8Rd7DN8
Private jet flight; Paris-Zurich with Wijet Cessna Citation Mustang in HD,Insane Plane Crash Compilation | Explosions; Landing Gear Failures and Near Misses!!!,DeHavilland Venom,de Havilland DH.89a Dragon Rapide,DeHavilland Venom
fOZfJ7t6rwI,KnaO1RXXyY0,lu54pdBsA-o,Nk6K50LusTI,_I36u1KX4zU
Carbon Cub CC-11 180 HP Demonstration Flight,de Havilland DH.89 Dragon Rapide,2013 MCAS Yuma Air Show - AV8B Harrier Demo,Opening vliegveld "Twente" 1931 en vliegshow 1974. (via mrodijk),Learning to Fly in a Piper Cub
5JZTpsfNl7s,U4xtX79_5ts,2EN0a751Ph4,KePs8Rd7DN8,JTCueo_frzc
de Havilland DH.115 Vampire jet,Tiger Moth - 1:2 Scale - Maiden,de Havilland DH.89a Dragon Rapide,DeHavilland Venom,Dynam Tigermoth Build Video by Jeff
PhMhlySNXxc,AQ2RMVrvtbg,_I36u1KX4zU,rTLM3IHO0U0,VkCVybT9w0Q
Piper Cub Landing Practice - GoPro,De Havilland DH-114 Heron Riley conversion.,Learning to Fly in a Piper Cub,Unbelievable Airbus A400 vertical take-off + Amazing Air Show - Paris Air Show 2013 ( HD ),The Alabama Boys Piper J-3 Cub @ Cecil Field AirShow 2009
2EN0a751Ph4,lu54pdBsA-o,Nk6K50LusTI,_I36u1KX4zU,ZwZpaoUVuAA
de Havilland DH.89a Dragon Rapide,2013 MCAS Yuma Air Show - AV8B Harrier Demo,Opening vliegveld "Twente" 1931 en vliegshow 1974. (via mrodijk),Learning to Fly in a Piper Cub,My Solo Flight! Cessna 152
KePs8Rd7DN8,KePs8Rd7DN8,ZwZpaoUVuAA,lu54pdBsA-o,2EN0a751Ph4
DeHavilland Venom,DeHavilland Venom,My Solo Flight! Cessna 152,2013 MCAS Yuma Air Show - AV8B Harrier Demo,de Havilland DH.89a Dragon Rapide
