K20n8SEhyqY,K20n8SEhyqY,K20n8SEhyqY,K20n8SEhyqY,K20n8SEhyqY
Thu Jan 23 13:43:46 CET 2014,Fri Jan 24 13:53:33 CET 2014,Mon Jan 27 13:57:11 CET 2014,Tue Jan 28 12:20:00 CET 2014,Fri Jan 31 15:44:28 CET 2014
rPjYcFKArSY,GQ4-nys95Q8,GQ4-nys95Q8,GQ4-nys95Q8,GQ4-nys95Q8
4th of July 2008 NYC alleycat,TOD SUMMER Alleycat 2013 // Track or Die NYC // -  Fixed Gear Only,TOD SUMMER Alleycat 2013 // Track or Die NYC // -  Fixed Gear Only,TOD SUMMER Alleycat 2013 // Track or Die NYC // -  Fixed Gear Only,TOD SUMMER Alleycat 2013 // Track or Die NYC // -  Fixed Gear Only
GQ4-nys95Q8,gAGwO5fhVxM,rPjYcFKArSY,rPjYcFKArSY,gAGwO5fhVxM
TOD SUMMER Alleycat 2013 // Track or Die NYC // -  Fixed Gear Only,The 2013 TRACK OR DIE PR Summer alley cat race,4th of July 2008 NYC alleycat,4th of July 2008 NYC alleycat,The 2013 TRACK OR DIE PR Summer alley cat race
qJJgu_JeDUU,FWFXWdWG6H4,FWFXWdWG6H4,FWFXWdWG6H4,bqKIK2RPJq0
Alleycat Riga; Latvia; 2012.7.26,CRAMPI RACE; Pescara Fixed Alleycat,CRAMPI RACE; Pescara Fixed Alleycat,CRAMPI RACE; Pescara Fixed Alleycat,Londons Calling 2012 - Alleycat
oZjvDitm6eo,T8uAhd3vOYw,8I7wEpG6Yl0,8I7wEpG6Yl0,8I7wEpG6Yl0
CORN FED #3,Bike Messenger Races (Multiple Cities),Wolfpack Hustle Marathon Crash Race 2013,Wolfpack Hustle Marathon Crash Race 2013,Wolfpack Hustle Marathon Crash Race 2013
FWFXWdWG6H4,ZRCoFRQWyr4,hnSU_-aL11I,hnSU_-aL11I,hnSU_-aL11I
CRAMPI RACE; Pescara Fixed Alleycat,LX ALLEYCAT '13 - Bicycle Film Festival Lisboa,Snowboarding @ Val thorens/2013,Snowboarding @ Val thorens/2013,Snowboarding @ Val thorens/2013
ZRCoFRQWyr4,hnSU_-aL11I,T8uAhd3vOYw,T8uAhd3vOYw,T8uAhd3vOYw
LX ALLEYCAT '13 - Bicycle Film Festival Lisboa,Snowboarding @ Val thorens/2013,Bike Messenger Races (Multiple Cities),Bike Messenger Races (Multiple Cities),Bike Messenger Races (Multiple Cities)
dK6jO-LY47E,dK6jO-LY47E,u5LbBAyUkPA,dK6jO-LY47E,u5LbBAyUkPA
14e Annick van Hardeveld memorial Alleycat,14e Annick van Hardeveld memorial Alleycat,Less Law - CMWC 2014 Alleycat Promo,14e Annick van Hardeveld memorial Alleycat,Less Law - CMWC 2014 Alleycat Promo
T8uAhd3vOYw,6roX9u4sQVk,dK6jO-LY47E,6roX9u4sQVk,Blt4kIZIdes
Bike Messenger Races (Multiple Cities),Macaframa full movie,14e Annick van Hardeveld memorial Alleycat,Macaframa full movie,Alleycat
u5LbBAyUkPA,1_T1dbxP7WA,z_G6zVXm0Bc,K9XCKP9KN7A,1_T1dbxP7WA
Less Law - CMWC 2014 Alleycat Promo,Cómo construir una Fixie con el Spiele Fixie Kit,Cog On The Tyne - Newcastle Fixed Gear Alleycat,Bike Parkour -Streets of San Francisco!,Cómo construir una Fixie con el Spiele Fixie Kit
6roX9u4sQVk,Blt4kIZIdes,K9XCKP9KN7A,qw8gAGp0HHM,dK6jO-LY47E
Macaframa full movie,Alleycat,Bike Parkour -Streets of San Francisco!,Asia Fixed Gear Championships 2011,14e Annick van Hardeveld memorial Alleycat
1_T1dbxP7WA,R5ajJ6TxKf8,6roX9u4sQVk,Blt4kIZIdes,6roX9u4sQVk
Cómo construir una Fixie con el Spiele Fixie Kit,Alleycat in santander 2012 las llamas,Macaframa full movie,Alleycat,Macaframa full movie
hnSU_-aL11I,74ux1XA4vNc,qw8gAGp0HHM,z_G6zVXm0Bc,rPjYcFKArSY
Snowboarding @ Val thorens/2013,Fixie Champ TLV - #1 Alleycat GoPro,Asia Fixed Gear Championships 2011,Cog On The Tyne - Newcastle Fixed Gear Alleycat,4th of July 2008 NYC alleycat
R5ajJ6TxKf8,_6Y2bp5C0lY,1_T1dbxP7WA,d-emZHClIkQ,qw8gAGp0HHM
Alleycat in santander 2012 las llamas,Paris Messenger United - Alleycat Halloween BigUpCrew,Cómo construir una Fixie con el Spiele Fixie Kit,Fixed Gear (Granada) Collective Friends,Asia Fixed Gear Championships 2011
74ux1XA4vNc,d-emZHClIkQ,d-emZHClIkQ,1_T1dbxP7WA,d-emZHClIkQ
Fixie Champ TLV - #1 Alleycat GoPro,Fixed Gear (Granada) Collective Friends,Fixed Gear (Granada) Collective Friends,Cómo construir una Fixie con el Spiele Fixie Kit,Fixed Gear (Granada) Collective Friends
_6Y2bp5C0lY,K9XCKP9KN7A,MNgJrfgXijg,_6Y2bp5C0lY,Azx7QL-znjw
Paris Messenger United - Alleycat Halloween BigUpCrew,Bike Parkour -Streets of San Francisco!,Alley Cat Race (1),Paris Messenger United - Alleycat Halloween BigUpCrew,Candela Alleycat race 2013 - Miami
K9XCKP9KN7A,Azx7QL-znjw,Blt4kIZIdes,MNgJrfgXijg,tIevz8iVrUc
Bike Parkour -Streets of San Francisco!,Candela Alleycat race 2013 - Miami,Alleycat,Alley Cat Race (1),FIXED FEST 2012 ALLEYCAT
d-emZHClIkQ,z_G6zVXm0Bc,R5ajJ6TxKf8,R5ajJ6TxKf8,74ux1XA4vNc
Fixed Gear (Granada) Collective Friends,Cog On The Tyne - Newcastle Fixed Gear Alleycat,Alleycat in santander 2012 las llamas,Alleycat in santander 2012 las llamas,Fixie Champ TLV - #1 Alleycat GoPro
iTBYJRG6Lcg,0OvVHvFbuyU,Azx7QL-znjw,74ux1XA4vNc,R5ajJ6TxKf8
Bike Messenger Austin Horse - Streets & Avenues - Ep 2,Redbull "Eye In The Sky" Alley Cat Race,Candela Alleycat race 2013 - Miami,Fixie Champ TLV - #1 Alleycat GoPro,Alleycat in santander 2012 las llamas
Azx7QL-znjw,MNgJrfgXijg,iyZ5bu2JIks,iyZ5bu2JIks,_6Y2bp5C0lY
Candela Alleycat race 2013 - Miami,Alley Cat Race (1),The best fixie bikes,The best fixie bikes,Paris Messenger United - Alleycat Halloween BigUpCrew
MNgJrfgXijg,rPjYcFKArSY,tIevz8iVrUc,tIevz8iVrUc,MNgJrfgXijg
Alley Cat Race (1),4th of July 2008 NYC alleycat,FIXED FEST 2012 ALLEYCAT,FIXED FEST 2012 ALLEYCAT,Alley Cat Race (1)
tIevz8iVrUc,iTBYJRG6Lcg,HFzqTP-HjyM,HFzqTP-HjyM,z_G6zVXm0Bc
FIXED FEST 2012 ALLEYCAT,Bike Messenger Austin Horse - Streets & Avenues - Ep 2,Private Alleycat Live HD - Milano 30/04/2011,Private Alleycat Live HD - Milano 30/04/2011,Cog On The Tyne - Newcastle Fixed Gear Alleycat
z_G6zVXm0Bc,tIevz8iVrUc,uWn6FKIqWZc,uWn6FKIqWZc,K9XCKP9KN7A
Cog On The Tyne - Newcastle Fixed Gear Alleycat,FIXED FEST 2012 ALLEYCAT,Fixed gear bike ride through Amsterdam,Fixed gear bike ride through Amsterdam,Bike Parkour -Streets of San Francisco!
HFzqTP-HjyM,iyZ5bu2JIks,iTBYJRG6Lcg,Yrp9nn1TJFE,YPZZF2PbNko
Private Alleycat Live HD - Milano 30/04/2011,The best fixie bikes,Bike Messenger Austin Horse - Streets & Avenues - Ep 2,alleycat paris-berlin 16/02/2013,alleycat nyc
Blt4kIZIdes,qw8gAGp0HHM,0OvVHvFbuyU,0OvVHvFbuyU,0OvVHvFbuyU
Alleycat,Asia Fixed Gear Championships 2011,Redbull "Eye In The Sky" Alley Cat Race,Redbull "Eye In The Sky" Alley Cat Race,Redbull "Eye In The Sky" Alley Cat Race
oDiCvlzIxCQ,YPZZF2PbNko,Yrp9nn1TJFE,i_QFjJCUocw,iyZ5bu2JIks
Living in Amsterdam (part one),alleycat nyc,alleycat paris-berlin 16/02/2013,Fixed Gear riding in Groningen.,The best fixie bikes
