621039,Waterschansspringen,Internationale wedstrijd schansspringen voor waterskiërs te Anna Paulowna; met oa een demonstratie met een menselijke piramide. Kelvin Phelan uit Groot-Brittannië wordt eerste en wint de Zilveren Tulp; Ulleberg wordt tweede. Verder verschillende mensen die ten val komen.
630387,Nieuws van de 12de internationale huishoudbeurs,12de huishoudbeurs in de RAI te Amsterdam; met een keuken waar aardappelhapjes worden bereid; een aardappelschilmachine die op water werkt; een jampot-opener; een pollepel met ingebouwde weegschaal; een elektrische braadpan; een wasmachine; een miniatuurcentrifuge; een eetkamerkast met uitklaptafel en een handtas die tot boodschappentas kan worden omgebouwd.
613631,Jaarlijkse Vondelpark estafette,Beelden van de jaarlijkse Vondelpark-estafette te Amsterdam; (met regenachtig weer) waarbij Amsterdamse Athletiek Club (AAC) winnaar werd en Jan Zeegers als eerste de finish passeerde. -Start estafette 11"; -div. shots wedstrijd met finish Jan Zeegers 15"; -pan langs ploeg atleten van de AAC; die in 1931 won 5";
151278,Vleugel van nieuw stadhuis gereed,Het Eindhovens gemeentebestuur huisde; met het grootste deel van de ambtenaren; jarenlang in een oude villa. Nieuwbouw voor een nieuw stadhuis ving aan in 1948. Nu is een gedeelte van het nieuwe stadhuis gereed en wordt het; iav div. notabelen waaronder de minister van Binnenlandse Zaken; dr. L.J.M. Beel; geopend door burgemeester; mr. H.A.M.T. Kolfschoten. SHOTS: - Ext. oude behuizing; - ext. nieuwe stadhuis; - int. nieuwe stadhuis: gangen; kantoren; burgemeesterskamer mét antieke klok; trouwzaal; - de groep notabelen komt over straat aanlopen bij het nieuwe stadhuis; - op de stoep biedt de architect; ir. Van der Laan(?) de sleutel aan aan Kolfschoten die de deur opent; - een grote menigte belangstellenden staat voor het gebouw en ziet hoe aan de gevel de vlag ontrold wordt.
2235,Noodlanding oefening helicopters,Rampenoefening voor KLM-personeel van de Noordzeehelikopters op het Gooimeer. Een helikopter maakt een noodlanding op het water; personeel gooit een rubber reddingboot uit en de mensen stappen erin over. Vervolgens stijgt de helikopter op. Met beelden van een KLM-helikopter die op een booreiland land.
631469,P.T.T. Postbezorging per boot in de Biesbosch,Vijf dagen per week bezorgt postbode Cees Schuller per PTT-motorboot post bij bewoners in het eilandrijke gebied de Biesbosch. SHOTS: PTT Post-boot vaart door het winterse landschap van de Biesbosch; postbode bezorgt post en haalt brieven op bij huizen op eilandjes in het natuurgebied; Schuller drinkt koffie bij bewoners.
165057,PSV landskampioen,In de voorlaatste speelronde van de competitie strijden PSV en Ajax in een rechtstreeks duel om de landstitel. Op het eigen Philips Sportpark winnen de Eindhovenaren met 5-2 (rust 2-1) en behalen het eerste kampioenschap in de Eredivisie. Met doelpunten voor PSV van Lambert Maassen (1-0); Gerard Hoenen (2-1); Pierre Kerkhoffs (3-1); invaller Wim Wolbers (5-2) en een eigen doepunt van Ajacied Piet Ouderland die in eigen doel kopt (4-2); enthousiaste PSV-supporters nemen meerdere keren bezit van het speelveld en nemen na afloop de spelers op de schouders o.a. doelman Gert Bals en aanvoerder Roel Wiersma.
1535,Politie zwemfeest,In het Sportfondsenbad te Amsterdam demonstreren politieagenten in opleiding hun zwemvaardigheden voor collega's in uniform en een talrijk publiek.
155955,Burgemeester houdt zijn intocht,De verhuizing van de burgemeester van Geldrop; Van der Putte; op traditionele Brabantse wijze. SHOTS: - paard-en-wagen wordt volgeladen met meubels; terwijl man en vrouw accordeon bespelen; - twee mannen dragen bedpan met kandelaar en brandende kaars naar buiten; - burgemeester en zijn vrouw nemen plaats in huifkar; - wagens vertrekken van huis; - div. shots van stoet onderweg; in de stoet loopt oa muziekkapel mee; - stoet stopt en Van der Putte en zijn vrouw stappen uit.
616531,Hard-schreeuw wedstrijd,Op de markt in Den Bosch kon publiek meedoen aan wedstrijden hard-schreeuwen en klompen-stampen.SHOTS: deelnemers aan de wedstrijden hard-schreeuwen en klompen-stampen.
631648,Verdwijnend beroep in West Friesland,Juffrouw Bos uit het West-friese Wognum heeft 45 jaar ervaring met het op de juiste manier aanbrengen van plooien in de zgn. hul; de kanten hoofddoek van de Westfriese vrouwen. Ze legt haar werk nu neer vanwege haar leeftijd en het steeds geringer wordend aantal klanten. SHOTS: - Ext. kerk en hoofdstraat Wognum; - ext. + int. huis van juffrouw Bos; zij ontvangt een klant en demonstreert hoe de plooien moeten worden gemaakt.
630283,De ''Hip-o-hop'' rage bereikt Amsterdam,Kinderen spelen op de nieuwe rage; de springstok hip-o-hip. Op de Noordermarkt te Amsterdam worden wedstrijden voor kinderen gehouden.
1857,Kampeertrein voor de Amsterdamse jeugd,De Amsterdamse stichting "Jongeren en Studenten" heeft de beschikking over een tweetal zeer bijzondere vervoermiddelen: een kampeertrein en een kampeerboot. De trein bestaat uit acht wagons die bij elkaar horen en samen een compleet ingericht rijdend jeugdhuis vormen. In de zomer wordt de trein naar buiten gereden en dient hij als kampeergelegenheid voor zo'n vijftig jeugdige Amsterdammertjes. De staf bestaat uit studenten. Beelden van de trein staand bij het station van Rhenen; div. kampeeractiviteiten; spelende kinderen en het vertrek van de kampeerboot.
615588,Nationale ruilbeurs voor verzamelaars in Amsterdam,Verzamelaarsbeurs Dag der Verzamelaars in de Koopmansbeurs te Amsterdam; met oa suikerzakjes; autocuriositeiten; handdoeken; foto's van Romy Schneider; sigarenbandjes en prentbriefkaarten.
618109,Stockcar-races in de regen,Simon de Hoop uit Maasland wint in de stromende regen de stockcar-race te Blaricum. Vervolgens wordt er een wedstrijd met Volkswagen Kevers gehouden.
621579,Keizer bolling met de krulbol,Wedstrijd krulbollen in Oostburg. Een kaasvormige schijf van 22cm doorsnee; de krulbol; wordt met de hand naar een paal gerold; met als doel de schijf er zo dicht mogelijk bij te krijgen.
624310,De wonderlijke paarden van Middelstum,De drie zusjes Liewes uit Middelstum hebben de werkpaarden van hun boerderij gedresseerd; zodat ze suikerklontjes uit de mond van de zusjes eten; hun leeftijd aanslaan met hun hoeven; binnenshuis mee-eten; in de huiskamer zitten en goede-nacht wensen.
2583,Branden vernielen honderden hectare natuurgebied,Door de aanhoudende droogte in Nederland zijn op veel plaatsen bosbranden uitgebroken. SHOTS: (lucht)shots van bosbranden op de Veluwe; brandweer spoedt weg bij oprukkende bosbrand; rand van vuur vlakbij Arnhem; bos nadat de brand geblust is.
165084,Het Europees tweelingencongres in Oirschot,Europees tweelingencongres te Oirschot; met 300 tweelingparen; met oa de tweelingbroers Lipman uit Huissen; Bartels en Kiehl uit West-Duitsland; de zussen Bernadette en Renee Smits uit Boxtel en Nellie en Ali Zondevan uit Marken; Kees en Trees van Iersel uit Tilburg en E.A.M.A. Steger; burgemeester van Oirschot. Er wordt een Brabantse koffiemaaltijd geserveerd; waarna op de markt een prijsuitreiking plaatsvindt; waarbij de broers Beers uit Tilburg en de zussen Sigrid en Karin Grandel uit Finland prijzen winnen en de zussen Diepvens uit België tot Europa-tweeling 1955 worden uitgeroepen.
617826,Amsterdammers verven hun straat op,Leerlingen van de school aan de Fokke Simonszstraat te Amsterdam krijgen op een zaterdagmiddag een verf en kwasten uitgereikt; waarna ze het houtwerk van de gebouwen in de straat verven. Ook ouderen helpen mee met verven. Na het verven nemen ze deel aan een wedstrijd op een miniatuur wielerbaan; terwijl een jury; met oa tekenaar Eppo Doeve; het verfwerk beoordeelt. Aan het eind loopt een muziekkorps door de straat.
149961,Burgers (des)organiseren het verkeer in Eindhoven,Eindhovense burgers hebben kritiek geuit op de politie vwb het regelen van het verkeer. Op uitnodiging van de Eindhovense autoriteiten en de politie mogen enkele klagers; na een korte instructie; een uurtje het stadsverkeer regelen om te tonen hoe het beter kan. Het verkeer zit; na korte tijd; volledig vast. Op de stoep slaan burgers en politieagenten het geschutter van de verkeersregelaars en de verkeerschaos geamuseerd gade.
613521,Beelden in Vondelpark,100-jarig bestaan van het Vondelpark te Amsterdam; met oa het standbeeld van Joost van den Vondel. Ter viering van het jubileum zijn bij de speelweiden moderne beeldhouwwerken neergezet van oa André Volten; een geverfde boomstam van Karel Appel; Alexander Calder; De Prins van Teshigahara; een grote stoel van Wim T. Schippers en een watersproeier van Jean Tinguely.
2221,Zomer valt weer echt in het water,De regen in de zomer leidt in Nederland tot overlast voor vakantiegangers. Mensen op een camping proberen hun tenten watervrij te maken. Anderen rijden met auto's en caravans naar het zuiden en passeren bij Elten de grens.
151339,Luciferfabricage,In Eindhoven worden bij de enige luciferfabriek in Nederland; die 100 jaar bestaat; stammen populierenhout van hun bast ontdaan en geschild tot fineer ter dikte van lucifers. In een afslagmachine worden stapels fineer afgesneden; zodat luciferhoutjes ontstaan. Deze worden geïmpregneerd en in de vloeibare kopmassa; bestaande uit kaliumchloraat; gedompeld. In een andere machine worden de luciferdoosjes gemaakt. In een vulmachine worden de doosjes gevuld en aan weerszijden van het doosje wordt een strijkvlak van fosfor aangebracht. Per dag worden 80 mln. lucifers geproduceerd.
627986,Open Cultuur Data - data openstellen: masterclass en inventarisatie voordelen en risico’s,Na de eerste fase van Open Cultuur Data; die resulteerde in 8 datasets en 13 apps; kwamen er steeds meer vragen vanuit de culturele sector over hoe ze data het beste konden openstellen en aanbieden. Dit resulteerde in een masterclass Open Data voor Culturele Instellingen; georganiseerd door Creative Commons Nederland. Hierin kregen de 17 deelnemende instelling antwoord op praktische; technische en auteursrechtelijke vraagstukken. De masterclass werd afgesloten met een hackathon; waarbij ontwikkelaars aan de slag gingen met de opengestelde data. Daarbij onderzocht Open Cultuur Data wat nu volgens instellingen de belangrijkste voordelen en risico’s zijn van open data. Dit deden we met tientallen erfgoed- en cultuurprofessionals; zowel binnen de masterclass als tijdens een workshop van Digitaal Erfgoed Nederland. Hierbij kwam naar voren dat de belangrijkste risico’s zijn: verlies van controle; foutieve of geen attributie; privacygevoeligheid van sommige data; en verlies van inkomen. De belangrijkste voordelen die genoemd werden zijn: vervullen van de publieke missie en nieuwe kanalen aanboren om mensen te bereiken; verrijking van de data door derden en stimuleren van hergebruik. De conclusie was dat de voordelen zwaarder wegen dan de risico’s. Meer informatie:  http://www.opencultuurdata.nl/ en  http://mw2013.museumsandtheweb.com/paper/open-culture-data-opening-glam-data-bottom-up/ Deel 1:  Open Cultuur Data - van ad-hoc activity naar solide network Deel 3:  Open Cultuur Data - app competitie: resultaten en lessons-learned Deel 4:  Open Cultuur Data - lessons-learned en toekomstperspectief Deze video is geproduceerd door het  Nederlands Instituut voor Beeld en Geluid in samenwerking met  Kennisland; in het kader van het grootschalige digitaliseringsproject  Beelden voor de Toekomst. Beeld en Geluid herbergt ruim 800.000 uur aan radio; televisie; film en muziek van 1898 tot nu; en maakt zijn collecties toegankelijk voor uiteenlopende doelgroepen; waaronder mediaprofessionals; creatieve sector; onderwijs en het algemeen publiek. Kennisland werkt aan maatschappelijke vernieuwing en doet onderzoek; geeft advies en ontwikkelt interventies voor een sterke kennissamenleving. Beeld en Geluid en Kennisland zijn beide partner in Beelden voor de Toekomst; een grootschalig digitaliseringsproject waarbinnen vier instellingen een belangrijk deel van het audiovisueel erfgoed van Nederland redden door conservering en digitalisering. Het gedigitaliseerde materiaal komt zo breed mogelijk beschikbaar voor onderwijs en het publiek.
62169,Dierenbescherming,Polygoon op de boerderij: Instructieve voorbeelden van het omgaan met dieren. Shots: Varkens worden schuur uitgelaten en gevoederd; veulen en paard worden gescheiden en weer bijeengebracht ; boer en man (vertegenwoordiger Dierenbescherming ?) tonen optillen varken ; shots koeien + het vastbinden van de poten; man met kat; konijn en kippen (demonstreert juiste tilwijze) ; cu zeug met biggetjes. Aantekening: Opnamen in kader Dierendag ?
155532,Vlieg er eens uit,Impressie vanuit Enkhuizen van het TROS-televisieprogramma 'Vlieg er eens uit'; waarin de deelnemers proberen m.b.v. zelfgebouwde voertuigen zo lang mogelijk in de lucht te blijven na een sprong vanaf een stellage.
613689,Vondelpark estafette,Hardloopwedstrijden in Vondelpark te Amsterdam. SHOTS: div. shots hardlopers: start; wissel bij estafette; finish; cu winnaars.
638108,Examens van de vereniging tot Bevordering van Harmonische Lichaamsontwikkeling,De Nationale vereniging tot Bevordering van Harmonische Lichaamsontwikkeling neemt te Amsterdam examens af waarbij de kandidaten proeven moeten afleggen dmv div. sportieve prestaties. SHOTS: -Div. shots examinandi komen in colonne aangemarcheerd; -div. shots div. sportprestaties (touwklimmen; fietsen; hardlopen; hordenlopen; kogelstoten; hoogspringen; verspringen).
2818,Plechtige bevestiging van opperrabijn Schuster in Amsterdam,Aron Schuster wordt door H. Rodrigues Pereira; opperrabbijn der Portugees-Israëlische gemeente in Nederland; in de synagoge aan de Lekstraat te Amsterdam in het ambt van opperrabbijn van Amsterdam bevestigd. Vervolgens opent Pereira de heilige ark; waarna Schuster in het Hebreeuws het gebed voor het welzijn van de koningin en het koninklijk huis uitspreekt. Vertegenwoordigers van de burgerlijke overheid en de christelijke kerken wonen de plechtigheid bij.
73858,Atletiekwedstrijden om het Nederlands kampioenschap,Onder grote publieke belangstelling vinden in Eindhoven de nationale kampioenschappen athletiek plaats. SHOTS: verspringen heren; hordenlopen dames; polsstokhoogspringen heren; 200 mtr. hardlopen heren (winnaar T. Osendarp).   Tijdens de Tweede Wereldoorlog stonden de bioscoopjournaals van de filmfabrieken Polygoon en Profilti onder toezicht van de Duitse bezetter. Polygoon en Profilti moesten samenwerken met het Duitse filmverhuurkantoor Tobis. Vanaf 1 januari 1941 kreeg het bioscoopjournaal daarom de naam Tobis Nieuws. Tot in het najaar van 1944 werden onder deze naam door Polygoon en Profilti om de beurt journaals geproduceerd.
10692,Ontheemden uit Midden-Europa vinden asiel in ons land,De Nederlandse regering verleent asiel aan enkele honderden bejaarden uit Joegoslavië; Polen; Hongarije en de Baltische landen. De mensen verbleven; sinds het einde van de Tweede Wereldoorlog; in kampen in Oostenrijk en West-Duitsland. SHOTS: - De mannen en vrouwen arriveren op het station in Eindhoven. Bepakt en bezakt verlaten ze de trein. In een restaurant krijgen ze koffie en boterhammen.
630741,Mijnwerkers met vakantie,In de afgelopen strenge winter hebben Limburgse mijnwerkers extra hard gewerkt om Nederland van kolen te voorzien. Om iets "terug" te doen is een aantal mijnwerkers nu; onder auspiciën van Volksherstel; enkele dagen de gast van enkele steden boven de Moerdijk. SHOTS: een stoomtrein rijdt het station van Amsterdam binnen. De mijnwerkers verlaten; met bagage; de trein en gaan in optocht; muziek voorop; de stad binnen; passeren oa de Beurs van Berlage. De mannen bezoeken per boot Volendam en Marken en zien sportmanifestaties in het Olympisch Stadion: massale ritmische gymnastiek; schermen; judo; windhondenrennen. Na het geven van een afscheidscadeau vertrekken ze weer. Het geheel wordt voorafgegaan door oude journaalbeelden van mijnwerkers die in de strenge afgelopen winter vrijwillig een extra hoeveelheid steenkolen produceerden.
633428,Jongelui leren banketbakkersvak,Sinterklaas rijdt tijdens zijn intocht in Amsterdam op een schimmel naar de Dam; omringd met zwartepieten. Olv dhr. Van Assel maken leerlingen van de banketbakkersschool te Amsterdam Sinterklaasfiguren in suikergoed; speculaas; poppen van marsepijn; pepernoten; borstplaat en banketletters. Met commentaar (buiten beeld) van de leerlingen.
3192,Noordwijk aan Zee als badplaats en tenniscentrum,Sfeerbeelden van een zonnig Noordwijk aan Zee met accent op strand- en tennisfaciliteiten. SHOTS: - Hoog stadsshot; hoge shots boulevard en strand; - over de boulevard trekt een optocht voorbij van ruiters; voorop rijdt een rijtuig met een vlag "NRB"; veel publieke belangstelling; - tennis: heren dubbelspel en enkelspel op een gravelbaan; de enkelspelers zijn wellicht Pails en Brown. 00:38 Jan Timmer (links).
160133,Gulle paaseierenactie voor de jeugd,In Eindhoven delen als paashaas verklede kinderen paaseieren uit aan patiëntjes in ziekenhuizen en aan kinderen in het woonwagenkamp. Verder zoeken kinderen in het grote stadspark naar verstopte paaseieren.
615308,Unieke kevercollectie,In Arnhem woont de amateur-entomoloog de heer Van Roon (?). Zijn specialisme en hobby is: zijn verzameling kevers. SHOTS: - Van Roon zit achter zijn bureau en bladert in een boek; - hij trekt enkele laden open van een grote ladenkast aan de muur en toont de in de laden verzamelde systematisch opgeprikte kevers; - hij tuurt door een microscoop naar een kever; - enkele microscopische opnamen van kevers en hun anatomische details.
639267,Het Geluid van Nederland (Nederlandse versie),Het Geluid van Nederland is een project van het  Nederlands Instituut voor Beeld en Geluid;  De Auditieve Dienst en  Kennisland dat in het kader van het digitaliseringsprogramma  Beelden voor de Toekomst tot stand is gekomen.  Meer dan 2.000 van de eigen opnames uit het historische geluidenarchief van Beeld en Geluid; waaronder veel ‘verdwenen geluiden’; zijn voor een breed publiek online toegankelijk gemaakt. Daarnaast kan iedereen geluiden toevoegen via het online platform of met de Geluidenjager-app voor  iPhone en  Android toestellen. De collectie van historische geluiden én de nieuwe geluiden wordt met dit project online toegankelijk gemaakt voor raadpleging en hergebruik; onder de  Creative Commons licentie Naamsvermelding-GelijkDelen licentie. Om bijdrages aan en hergebruik van de collectie aan te moedigen werden er diverse activiteiten georganiseerd; waaronder workshops en verschillende wedstrijden. Het Geluid van Nederland wordt mede mogelijk gemaakt door een financiële bijdrage van  Stichting Doen en de  BankGiro Loterij.     Credits: Regie; montage en audio: Sebastiaan ter Burg. Deze video is geproduceerd door het  Nederlands Instituut voor Beeld en Geluid in samenwerking met  Kennisland en de  Auditieve Dienst in het kader van het grootschalige digitaliseringsproject  Beelden voor de Toekomst. Beeld en Geluid herbergt ruim 800.000 uur aan radio; televisie; film en muziek van 1898 tot nu; en maakt zijn collecties toegankelijk voor uiteenlopende doelgroepen; waaronder mediaprofessionals; creatieve sector; onderwijs en het algemeen publiek. Kennisland werkt aan maatschappelijke vernieuwing en doet onderzoek; geeft advies en ontwikkelt interventies voor een sterke kennissamenleving. Arnoud Traa is een sound designer met een fascinatie voor verdwenen geluiden. Hij werkt aan films; theater; installaties en games vanuit zijn studio 'De Auditieve Dienst'. Beeld en Geluid en Kennisland zijn beide partner in Beelden voor de Toekomst; een grootschalig digitaliseringsproject waarbinnen vier instellingen een belangrijk deel van het audiovisueel erfgoed van Nederland redden door conservering en digitalisering. Het gedigitaliseerde materiaal komt zo breed mogelijk beschikbaar voor onderwijs en het publiek.     Gebruikte geluiden: - Titel:  Grote gele kwikstaart in Utrecht. Maker: Luc de Bruijn. Licentie:  CC BY - Titel:  Soundlogo Geluid van Nederland. Maker: Geert Rombout. Licentie:  CC BY-SA - Titel:  Zebrastep [aerotrain edit]. Maker: John O'Connell; Bruno Rocha & Jan Van Balen. Licentie:  CC BY-SA  Rectificatie: Van 4 tot en met 11 juli 2013 heeft Beeld en Geluid abusievelijk de ''grote gele kwikstaart'' verkeerd beschreven als ''gele kwikstaart''.
151639,Hevige windvlaag teistert de stad,De gevolgen van een hevige cycloon die Eindhoven in de nacht van 30 op 31 juli 1939 teisterde. SHOTS: - rijen huizen zonder dak en ineengestorte gebouwen; - mensen bezig met het opruimen van de ravage bij kerk; - Pastoor van Ars-kerk met deels verwoest dak.
616306,Spuitbalwedstrijd in Maassluis,Een BB-ploeg uit Maassluis wint de wedstrijd spuitbal om de grote prijs van de Nieuwe Waterweg van de vrijwillige brandweer uit dezelfde plaats met 1-0.
616483,Best verzorgde hond,De wedstrijd voor kinderen voor de best verzorgde hond in het Openluchttheater aan de Westzeedijk te Rotterdam.
631313,Bij het centraal instituut voor sportleiders,Om in het gebrek aan gekwalificeerde sportleiders te voorzien heeft het ministerie van Onderwijs; Kunsten en Wetenschappen een Centraal Instituut voor de Opleiding van Sportleiders opgericht; het CIOS; gevestigd te Overveen. Instituut en cursisten worden aan de kijkers voorgesteld. SHOTS: - zeer kort overzicht van de normale spontane motorische ontwikkeling van het jonge kind: baby ligt in kinderwagen te trappelen; kleuter onderneemt looppogingen; kleine kinderen krijgen op school gymnastiekles; - overzicht van lichamelijk ongezonde levenswijze van volwassenen: in de vrije tijd ligt men alleen maar in een stoel een sigaar te roken en een krantje te lezen; in de beroepssituatie worden weinig of eenzijdige bewegingen gemaakt: meisjes in een naaiatelier achter de naaimachine; administratief personeel achter een bureau met een telmachine of in voortdurende schrijfhouding; bankwerker achter een draaibank; chauffeur achter stuurwiel; verkeersagent op straat; - ext. CIOS; jonge mannen gaan naar binnen; - int. CIOS: leerlingen krijgen anatomieles in een klaslokaal of demonstreren div. vaardigheden in een gymzaal en doen aan judo; buiten oefenen ze in verspringen; kogelstoten en rek- en strekoefeningen; - meisjes in naaiatelier doen gymnastiekoefeningen.
1293,Eerste bewoners,Wethouder Th.C.M.A. Elsenburg overhandigt de eerste bewoners van de Bijlmermeer; de familie Copray; de sleutel van hun nieuwe zeskamer-appartement in flatgebouw Hoogoord in aanwezigheid van oud-burgemeester G. van Hall. Vervolgens worden meubels uit een verhuisauto geladen en naar de flat gebracht. Met verder de bouw van de andere flats en nog enkele oude huizen in de Bijlmermeer.
625821,Kun je tikken; tik dan mee,Aantal jonge mensen van Instituut Schoevers maakt met behulp van een typemachine tekeningen; waarvan er vervolgens enkele worden getoond.
630703,Kampeer-tentoonstelling,De kampeertentoonstelling Goed Kamp in Den Haag; met oa een bungalowtent; een tent volgens paraplu-principe; een uittrekbare caravan en een kampeertent in een doos die op een auto geplaatst kan worden.
624436,De wereld rond met een rollende ton,Curieus: Man; sportief gekleed; duwt rollende ton (opschrift Van Vollenhoven Bieren) voort over rustige landweg. (Ook op slapsticksnelheid weergegeven). Kennelijk recordpoging of reclamestunt.
28984,Manoeuvres van de Koninklijke Nederlandse Marine,De Koninklijke Nederlandse Marine oefent op de Noordzee. SHOTS: oorlogsschepen op zee; div. details van ext. oorlogsschip; div. scheepsofficieren oa op de brug; div. matrozen: schrobben dek; pellen spruitjes(?) af; bedienen scheepsgeschut; brengen sloep uit; scheepsofficier proeft het eten van de manschappen; 00:43 en 00:49 en 01:24 cu Schout bij Nacht T.L Kruijs; commandant van de Marine.
638618,Open Beelden (Nederlandse versie),Open Beelden is een open mediaplatform dat toegang biedt tot audiovisuele collecties die eenvoudig hergebruikt kunnen worden. Werken uit deze audiovisuele collecties mogen geremixt worden in nieuwe werken. Gebruikers van Open Beelden kunnen dit nieuwe materiaal vervolgens weer toevoegen aan het platform en daarmee deze beeldbank verder uitbreiden.Op Open Beelden zijn momenteel ruim 2.000 Polygoonitems afkomstig uit het archief van Beeld en Geluid te vinden. Naast de collectie van Beeld en Geluid herbergt Open Beelden portals voor collecties van o.a. de VPRO; het EYE filmmuseum en de Universiteit van Amsterdam.  De collectie groeit continue en er worden wekelijks nieuwe video’s aan Open Beelden toegevoegd. De toegang tot het materiaal op Open Beelden is gebaseerd op het Creative Commons-licentiemodel. Dit biedt makers van audiovisuele werken de vrijheid om op een flexibele manier met hun auteursrechten om te gaan en hun werken online beschikbaar te stellen voor diverse vormen van hergebruik. Deze ‘open’ benadering wordt ook in de techniek van het platform doorgevoerd door gebruik te maken van open formaten; standaarden; software en een API. Deze open infrastructuur draagt bij aan grootschalig hergebruik van het materiaal op Open Beelden; bijvoorbeeld binnen Wikipedia. Open Beelden is een initiatief van het Nederlands Instituut voor Beeld en Geluid in samenwerking met Kennisland.     Credits: Regie; montage en audio: Sebastiaan ter Burg. Deze video is geproduceerd door het  Nederlands Instituut voor Beeld en Geluid in samenwerking met  Kennisland; in het kader van het grootschalige digitaliseringsproject  Beelden voor de Toekomst. Beeld en Geluid herbergt ruim 800.000 uur aan radio; televisie; film en muziek van 1898 tot nu; en maakt zijn collecties toegankelijk voor uiteenlopende doelgroepen; waaronder mediaprofessionals; creatieve sector; onderwijs en het algemeen publiek. Kennisland werkt aan maatschappelijke vernieuwing en doet onderzoek; geeft advies en ontwikkelt interventies voor een sterke kennissamenleving. Beeld en Geluid en Kennisland zijn beide partner in Beelden voor de Toekomst; een grootschalig digitaliseringsproject waarbinnen vier instellingen een belangrijk deel van het audiovisueel erfgoed van Nederland redden door conservering en digitalisering. Het gedigitaliseerde materiaal komt zo breed mogelijk beschikbaar voor onderwijs en het publiek.
630200,Kinderspel,Spelende kinderen op straat spelen "oorlogje" en doen kinderspelen. SHOTS: - spelende kinderen (steppen; voetballen met kleine bal; haasje over; tollen; knikkeren; touwtje springen; ijshockey en schaatsen); - kinderen op straat spelen soldaatje met nagemaakte wapens; waarbij ze op passerend verkeer schieten en een geraakte "soldaat" afvoeren. Aantekening : "Wat voor de groten ernst is; is nu nog voor de jeugd 'n spel."
618242,Hondenvoetbal,In een circusarena spelen honden een soort voetbal met een luchtballonnetje.
615283,Wedstrijd van vliegtuigmodellen,Op het vliegveld Ypenburg worden wedstrijden gehouden met vliegtuigmodellen. SHOTS: - Jongens; sommigen in uniform van luchtverkenner(?); anderen in burger; zitten/staan in het gras aan hun vliegtuigen te prutsen; - div. zweefmodellen worden in de lucht gebracht; - een model met een benzinemotor wordt gestart en vliegt mbv lijnbesturing een rondje.
630091,Kinderspelen,Kinderen spelen op het strand van Scheveningen.
621669,Spannende skelterraces,Nationale skelterraces in Ermelo. De wedstrijd 50cc met Theo Koks uit Haarlem en Jan Jacobs uit Zandvoort; wordt door Boeschoten uit Doorn gewonnen. De wedstrijd 200cc met Beusek uit Almen; wordt door Spaay uit Zwolle gewonnen.
626032,Waterloper verbaast scheepvaart; loopt op friese meren en kanalen,Uitvinder Pieter Mulder heeft een soort houten waterschoenen ontwikkeld; waardoor het mogelijk is om over het water te lopen. SHOTS: man loopt in waterschoenen over het water; passeert een pleziervaartuig en loopt onder de brug over de nieuwe vaart in Terwispel door; alwaar hij tolgeld moet betalen; Pieter Mulder.
2946,Zandbouwwedstrijd op het strand,Kinderen houden zandbouwwedstrijden op het strand van Zandvoort.
1095,Ons drinkwater bedreigd door toenemende vervuiling van rivieren,Op de beurs Aquatech '76 in de RAI in Amsterdam; presenteren fabrikanten apparaten en middelen ter zuivering van water; dat steeds meer vervuild raakt. SHOTS: verrottingsgassen stijgen op uit afvalwater; overzicht beursvloer Aquatech; afvalwater in gootsteen; lozing van afvalwater in rivieren bij fabrieken; waterzuiveringsinstallatie; luchtshots van de rivier de Rijn en opvangbekkens voor overtollig rivierwater.
616277,Brandweerwedstrijden,Op een voetbalveld in de omgeving van Eindhoven spelen een aantal spuitgasten spuitbal met brandweerslangen. Een zgn. "cameraman" (van Polygoon?); die zich op het veld heeft gewaagd; wordt meedogenloos weggespoten. Aantekening : Titel en beelden corresponderen totaal niet met elkaar. Uit de tekst van het commentaar blijkt echter dat dit item oorspronkelijk veel uitgebreider moet zijn geweest en dat er; zoals ook in de titel aangegeven; sprake zal zijn geweest van beelden van echte brandweerdemonstraties die waarschijnlijk zullen zijn afgesloten met een komische toegift. Alleen deze laatste is echter kennelijk bewaard gebleven.
621357,Olympisch springruiterfestival,In het Kralingse Bos in Rotterdam is een alternatieve Olympische wedstrijd voor springruiters gehouden; die niet zijn afgevaardigd naar de Olympische Spelen in Moskou. SHOTS: Nederlandse springruiter Rob Ehrens valt van zijn paard na het verkeerd nemen van een hindernis; Canadese ruiter James Elder maakt een fout en valt bijna; Zwitser Gabathuler; Fransman De Balanda; Engelsman John Whitaker en Amerikaanse Melanie Smith maken fouten bij het nemen van hindernissen; Oostenrijker Hugo Simon op Gladstone wint de hoofdprijs.
43555,Transport van huis,Een houten huis uit 1870 wordt onder het toeziend oog van meisjes uit de Zaandijkse industrie op een speciale vrachtwagen verplaatst naar de Zaanse Schans; omdat het moet wijken voor de industrie.
621300,Schaak simultaan seance,Wedstrijd simultaan schaken in het Groothandelsgebouw te Rotterdam; waarbij de schakers Viktor Kortsjnoi uit de USSR; zijn landgenoot Michail Tal; Jan Hein Donner en Caissa wedstrijden spelen tegen 175 deelnemers. Kortsjnoi verliest één partij tegen Peen uit Rotterdam.
160092,Kattenshow,Kattententoonstelling in Eindhoven. De Perzische kater Terry van Al-Wi-Palyap wordt eerste bij de langharigen.
630457,Huishoudbeurs,De Huishoudbeurs in de Rai te Amsterdam wordt door minister Marga Klompé geopend door een deksel van een reuzenpan op te tillen. Verder stands met oa een mixer; een haardroogzak; een wasmachine met centrifuge; een volautomatische naaimachine van 6 kilo en pannen met handvatten die niet heet worden.
621275,Hobie-cat catamaran-wedstrijden: zonder wind een grote drijfpartij,Ongeveer vijftig catamarans van het type hobiecat-16 nemen voor de kust van Wassenaar deel aan het Nederlands Kampioenschap in de tweepersoons klasse. Rob Heilbron en Hans Dieben worden tot kampioen uitgeroepen. SHOTS: catamarans tijdens de wedstrijd; winnaars Heilbron en Dieben.
625686,Honderdduizendste koe op de veemarkt,Op de veemarkt in Den Bosch wordt de 100.000e koe aangevoerd. Dit feit wordt gevierd met enige festiviteiten. SHOTS: - Vóór de gebouwen van de veemarkt: koeien; boeren en veehandelaren; - burgemeester mr. H.J.M. Loeff hangt een krans om de kop van de desbetreffende koe; - een optocht trekt door de straten van Den Bosch; voorop twee politieagenten; rijwiel aan de hand; daarachter de koe met begeleiders; daarachter een militair muziekkorps; - op het plein voor het stadhuis ontvangen koe en begeleider (in uniform) enige geschenken van de burgemeester: de koe wordt getrakteerd op veekoeken; de begeleider neemt een paar klompen en een paardenhoofdstel in ontvangst.
615490,Honderden antieke gereedschappen in unieke verzameling,De heer Arkema uit Groningen heeft in zijn werkplaats op zijn zolder een grote verzameling van gereedschappen uit talrijke ambachten. SHOTS: meneer en mevrouw Arkema op rommelmarkt; atelier vol met gereedschappen; cu's enkele stukken gereedschap; Arkema lapt schoenen met eigen gereedschap en op land met antieke zaaiviool; oude houten snijbonenmolen.
617854,Internationale autotentoonstelling in de RAI,Dhr. Fontein en dhr. Wiesman worden gewekt door een wekker; waarna ze in hun gemotoriseerde bed naar de RAI te Amsterdam rijden om deel te nemen aan het Grand Concours des Constructeurs ihkv de 42ste Auto-RAI. Fontein en Wiesman winnen de wedstrijd van oa dhr. Bouvy en dhr. Stapel uit Den Haag in een rijdend fornuis. Verder de inrichting van de beurs; waar de douane de laatste formaliteiten regelt. Met oa auto's uit Italië en de VS; een Mercedes; een Rolls-Royce; een Convair met achterin geplaatste motor; een Saab-stationcar en een simca met keuken.
637681,Knikkersport viert hoogtij,Knikkerende kinderen en de beoefening van de knikkersport door een aantal oudere heren in het Noord-Hollandse dorpje Groot-Schermer. De mannen laten de knikkers oa "met effect" rollen.
624385,Waar zijn de zilveren guldens?,Beelden van het uitdelen van zilveren guldens; het inleveren van de papieren guldens; een jongen die guldens in een spaarpot stopt; een vrouw die ze in een kous stopt; een man die ze opeet en mannen die een emmer guldens in hun broekzak krijgen en vervolgens scheef lopen door het gewicht.
616990,Windhondenrennen om het lange baan kampioenschap,Windhondenrennen in Utrecht.  SHOTS:  - Vóór de wedstrijd worden de nodige voorbreidingen getroffen:  de honden worden gemasseerd; de lijn met het hazevel waar de  honden straks achteraan zullen rennen; wordt uitgerold; het  opwindmechaniek van de lijn wordt uitgeprobeerd;  - start; de deurtjes van de hokken gaan open; de honden rennen  naar buiten en sprinten achter het hazevel aan; de winnaar  ontvangt een lauwerkransje om de nek; de eigenaresse wordt  gefeliciteerd.
1321,Haarlem 700 jaar stad,Tgv de viering van het Haarlem 700 jaar stad trekt een historisch-allegorische optocht door de stad; wordt in het Frans Halsmuseum een schilderijententoonstelling gehouden van meesters uit de tijd van Frans Hals en vindt 's avonds op de Grote Markt een openluchtvoorstelling plaats van een spel waarbij het beleg van Haarlem wordt herdacht.
1405,De schipbreuk van de 'Faustus' bij Hoek van Holland,Een hevige Noordwester storm drijft het Panamese vrachtschip "Faustus" op 6 november aan de grond bij Hoek van Holland. De reddingsboot "Jan Lels" haalt de bemanning van boord. De golfslag is zo hoog dat het verlaten schip 's avonds eerst nog door het Noorderhoofd wordt heen gedreven en daar een groot gat inslaat alvorens het; midden in de vaarroute van de Nieuwe Waterweg; naar de diepte zinkt. De autoriteiten verklaren de volgende dag; na de schade aan de Noorderpier te hebben opgenomen en te hebben geconstateerd dat de juiste ligging van het wrak nog niet exact bekend is; de Nieuwe Waterweg voorlopig gestremd voor alle scheepvaartverkeer maar geven later; na localisering; de vaart weer vrij voor kleinere schepen. Een cameraman van Polygoon; Peter Kaart; mocht meevaren met de reddingsboot en de redding van de Griekse zeelui van de "Faustus" van zeer dichtbij kon filmen. SHOTS: - Hoge golven van de zee met schuimkoppen; golven spatten tegen de dijk uiteen; - long shot: de "Faustus" ligt; slagzij makend; gestrand ter hoogte van de Noorderpier; - de reddingsboot vaart uit en keert; met de bemanning van het vrachtschip; terug; div. shots van en vanaf de "Jan Lels" tijdens de vaartocht van en naar de "Faustus"; - de reddingsboot komt in de luwte langszij de vrachtvaarder; de bemanningsleden van de vrachtvaarder stappen over; - op een kaart wordt mbv animatie aangegeven hoe de "Faustus"; 's avonds in het donker; door de zee wordt voortgedreven en door de Noorddam heenbreekt; - golven spoelen met kracht door het gat in de pier; - luchtopnamen van het gat in de pier en van schepen die buitengaats voor anker liggen; oa de "Maasdam"; - de "Nieuw Amsterdam"; noodgedwongen uitwijkend naar Amsterdam; ligt daar aan de kade; - op de plaats van het wrak drijft een wrakboei in het water; kijkers op de pier zien hoe het lichte scheepvaartverkeer weer op gang komt.
1493,Opening van de Nieuw Guinea conferentie,Bij de Ronde Tafelconferentie in 1949 in Den Haag werd een overeenkomst bereikt mbt de soevereiniteit over Indonesië. De Nederlandse regering droeg deze over aan een federale Indonesische regering. Het Nederlands deel van Nieuw-Guinea werd uitdrukkelijk buiten de overeenkomst gehouden; ondanks sterke claims op dit gebied van de zijde van de Indonesische Republiek. Afgesproken werd dat deze kwestie vóór 27 december 1950 geregeld zou worden dmv onderhandelingen. Op 4 december komen Nederlandse en Indonesische afgevaardigden voor de eerste officiële vergadering bijeen in de Trèveszaal in Den Haag. Aanwezig zijn oa de minister van Overzeese Gebiedsdelen; mr. J.H. van Maarseveen; de minister van Buitenlandse Zaken; mr. D.U. Stikker; de minister van Sociale Zaken mr. A.M. Joekes; premier dr. W. Drees; de Indonesische Hoge Commissaris Mohammed Roem en andere Indonesiërs. SHOTS: - De heren komen binnen; geven handen en onderhouden zich informeel met elkaar; - allen zitten aan de vergadertafel en luisteren naar toespraken van Van Maarseveen en Roem; - op een topografische kaart wordt de ligging van Nieuw-Guinea tov Indonesië en Australië weergegeven; 00:06 Van Maarseveen (links); Roem (rechts); 00:15 vlnr achter de tafel Drees; Stikker; Joekes; 00:51 Drees (links); Stikker (rechts).
1759,De oude Delft,Korte beelden van het oude Delft: grachtje; paard-en-wagen; kinderen duwen handkar voor over bruggetje daarbij toegeblafd door honden; shots schoolmeisjes.
1801,Hoog water brengt ongerief op vele plaatsen,Zware regenval heeft in Nederland geleid tot hoog water en wateroverlast. Met zandzakken worden dijken hersteld en versterkt. In Maarssenbroek in de polder Nijenrode zijn huizen ondergelopen. In Brabant is door de overstroming van de Mark en de Dintel landbouwgrond met suikerbieten overstroomd. Landbouwers oogsten de bieten en brengen koeien van overstroomde gebieden naar stal. Met pompen worden de overstroomde polders leeggepompt.
1815,Via leegstand en verval naar opbouw van de oude binnenstad,Evenals andere oude steden kampt ook Deventer met het probleem van leegstand en verval in de binnenstad. In het Bergkwartier zijn historische panden in stijl gerestaureerd; maar in een wijk als Noordenbergkwartier moet nog veel gebeuren. De meeste bewoners zijn hier weggetrokken en veel oude huizen in de wijk zijn dichtgemetseld. Een groot deel ervan is opgekocht door de gemeente en er worden met de buurtcommissies besprekingen gevoerd over aard en omvang van de nieuwe bebouwing. SHOTS: zicht op Deventer vanaf de IJssel; diverse gerestaureerde panden in Bergkwartier; panden in Noordenbergkwartier die wel en die niet zijn opgeknapt; rijer langs dichtgemetselde woningen; kaalslag in de binnenstad.
1871,Nieuwste caravans en tenten op RAI-tentoonstelling in Amsterdam,De tentoonstelling Hiswa-Goed Kamp in de RAI te Amsterdam; met div. tenten; caravans en vouwwagens; kooktoestellen en een rugzak met uitklapbare stoel.
2277,Edam aan zee,Beelden van de sfeer aan het strand van de zomerse badplaats aan de Zuiderzee. SHOTS: -Zwemmers o.a. bij en op glijbaan en op waterfiets; -volwassenen en kinderen in klederdracht; -dansen in de openlucht bij muziek van een orkestje; -mensen zitten op terrassen onder parasols.
2661,St. Bonifatius bedevaart naar Dokkum,Door de straten van Dokkum trekt een stoet rooms-katholieke gelovigen; in de stoet lopen oa priesters; nonnen en bruidjes mee. De stoet trekt van de markt naar het Martelveld in een buitenwijk aan de rand van de stad. Aldaar wordt in de St. Bonifatiuskapel een godsdienstoefening gehouden en dient de geestelijk leider van het gebeuren; mgr. B.J. Alfrink; het vormsel toe aan een enkele jongens door hun voorhoofd te zalven en hen te zegenen. Tot slot trekt een processie door het park rond de kapel. 00:41 Alfrink (met bonnet)
3208,Schoonmaken en restaureren van veldkruisen,Restauratie van religieuze veldkruisen in de provincie Limburg. De kruisen worden verwijderd en naar de gemeentelijke werkplaats gebracht; waar ze worden gerestaureerd. Vervolgens worden ze weer teruggeplaatst.
14588,Leden van de Eerste en Tweede Kamer brengen bezoek aan Nederlandse industrieën ,Afgevaardigden uit het Nederlands parlement bezoeken vrachtwagenfabriek DAF en een textielfabriek in Eindhoven. SHOTS: - De heer T.J. Twijnstra; spreekt; namens de Nederlandse werkgevers; een woord van welkom; - DAF: de heren lopen over het fabrieksterrein en bekijken enkele door de fabriek gefabriceerde autochassis; ze lopen door de fabriekshallen en kijken hoe de arbeiders werken aan draaibanken en in een montagehal een vrachtauto assembleren aan de lopende band; - int. textielfabriek: een andere groep afgevaardigden loopt door de spinnerijen en ziet hoe garen en stoffen gemaakt worden; 00:49 J.A. Jonkman (driedelig kostuum); 00:51 J.J. Fens maakt een proefritje in een jeep; 01:26 M. Klompé; 01:29 M. Tjeenk Willink.
15581,Een kijkje bij de kleinschalige onderneming,Stichting MEMO (mens- en milieuvriendelijk ondernemen) zet zich in voor het kleinschalig bedrijfsleven als tegenpool van multinationals. Handwerk; vakmanschap en arbeidsvreugde staan voorop bij deze ondernemingen; die producten leveren op het gebied van voeding; kleding; woning en vervoer. Op de MEMO-beurs in meditatiecentrum De Kosmos te Amsterdam laten kleine bedrijfjes zien hoe zij werken. SHOTS: ext. meditatiecentrum De Kosmos; demonstratie van diverse soorten handwerk op de MEMO-beurs; een bakker die brood bakt.
21994,Belangrijke ontwikkeling in röntgenonderzoek dankzij 'computer-tomograaf',Röntgenonderzoek sterk verbeterd dankzij de zgn. computertomograaf. Met behulp hiervan is het nu beter mogelijk om röntgen-fotografie toe te passen bij weke delen; zoals de hersenen. In het Amsterdamse Sint Lucas ziekenhuis wordt deze röntgentechniek ook al toegepast bij andere lichaamsdelen. SHOTS: man waarbij in ziekenhuis m.b.v. computertomograaf röntgenopnames van o.a. hersenen worden gemaakt; de röntgenbuis van de computertomograaf; röntgenopnames op monitor; de werking van de computertomograaf wordt verduidelijkt m.b.v. instructiefilmpje.
61831,Terrasflats; nieuwe vorm,In het Noord-Brabantse Geldrop staat een complex terrasflats. Kenmerken van deze flats zijn de diepe en lange terrassen; het zeer grote interieur en de toegang tot de woning aan de achterzijde van het complex. SHOTS: ext. complex terrasflats; bewoners op het terras; int. flat.
128749,Officiële opening van de geëlektrificeerde lijn Eindhoven-Maastricht,De spoorverbinding tussen Eindhoven en Maastricht is geëlektrificeerd. Beelden van de eerste officiële rit van een elektrische trein op dit traject. SHOTS: -div. ext. shots van de trein bij vertrek vanaf station Eindhoven en aankomst op station Maastricht; -div. int. shots van de trein tijdens de rit - oa geschoten uit de bestuurderscabine - van rails; bovenleidingen ed; tussengelegen stations; mensen langs de route; fabrieksterrein van de staatsmijn Maurits; keukenpersoneel zet koffie; kelners serveren.
148241,De stoomfiets-uitvinding van de heren Gordijn,Twee constructeurs hebben een fiets voorzien van een boven het voorwiel gemonteerde kleine stoommachine die het voorwiel aandrijft. Er wordt een demonstratierit gemaakt.
151031,Eindhoven heeft een nieuwe burgemeester,Mr. dr. Ch.J.M.A. van Rooy wordt in Sancta Ursula; het oude stadhuis van Eindhoven; in een bijzondere raadsvergadering tot burgemeester benoemd. De loco-burgemeester hangt Van Rooy; in aanwezigheid van zijn echtgenote en kinderen en voormalig burgemeester H.A.M.T. Kolfschoten; de ambtsketen om; waarna Van Rooy de installatierede uitspreekt. Verder beelden van de nieuwe spoorbaan en wegen naar de stad.
151252,Basketbal Nederland-Zweden,Nederland wint de dames basketbalwedstrijd tegen Zweden in de Philips Jubileumhal te Eindhoven met 87-31. Atleet Eef Kamerbeek zit in het publiek.
151312,Demonstraties met pantserwagens,Demonstratie van de Koninklijke Landmacht met een pantserwagen en een amfibievoertuig te Eindhoven.
151434,Semi-internationaal voetbal Zuid-Nederland - Luxemburg,In het PSV-sportpark te Eindhoven speelt het Zuidnederlandse elftal tegen Luxemburg (2-3).
151573,Beveiliging kinderspeelplaatsen,Nav een dodelijke val van een 3-jarig kind op een kinderspeelplaats worden stenen onder speelwerktuigen verwijderd; zoals oa in Eindhoven. Ze worden vervangen door zand of rubber tegels. Er wordt ook geëxperimenteerd met kunstgras.
151856,Erepromotie van de heer H.J. van Doorne,Plechtige erepromotie van de grondlegger en president-directeur van DAF-autoindustrie; H.J. van Doorne; in de Westerkerk in Delft. Archiefmateriaal: ext. en int. van de schuur in Eindhoven waar Van Doorne in 1928 zijn onderneming begon; ext. en int. huidige DAF-fabriek.
159704,Handboogwedstrijd Nederland - België,In Helmond wordt een wedstrijd schieten met pijl en boog gehouden tussen België en Nederland. De Belgen winnen. SHOTS: - De deelnemers aan het toernooi lopen; hun bogen in optocht met zich meedragend; door de straten naar het wedstrijdterrein; - een schutterskoning; de borst rijk behangen met medailles; loopt in de stoet mee; - op een sportterrein in de open lucht leggen de schutters aan en schieten hun pijlen af op de aan de andere kant van het veld opgestelde schijven.
160161,Speciale jubileum filmopname Karel I fabr.,Div. shots fabrieksdirecteur oa met echtgenote(?) en personeel van de fabriek. Totaal fabriekspoort met aankomst directeur en gasten. Cu bloemenmeisjes. Div. shots van oa dirigent met gedeelte van harmonie(?) en dansende mensen bij de fabriek. Pan langs directie en genodigden tijdens het zingen van een feestlied. Int. shot binnenkomst directeur en echtgenote(?) in de fabriek. Straatshots van lange optocht met uitsluitend vrouwen en historische uitbeelding van Karel I te paard. Div. versierde auto's met reclame voor Karel I; gevolgd door directie(?); harmonie en uitbundig met hun hoeden zwaaiende mannen.
614858,Amsterdam opent de Vondelbrug,In Amsterdam is een brug aangelegd over het Vondelpark. Het verkeer dat van West naar Zuid wil; hoeft daardoor niet meer om het Vondelpark heen te rijden via Overtoom; Leidse Bosje; Hobbemastraat en P.C. Hooftstraat; maar kan rechtstreeks doorsteken. SHOTS: - op een stadskaart van Amsterdam wordt de verkeerssituatie voor de kijkers in beeld gebracht mbv animatie; - de burgemeester van Amsterdam; A.J. d'Ailly; opent de brug. Na hem stroomt een enorme menigte voetgangers massaal over de nieuwe brug; - na enige tijd is de drukte wat geluwd en maakt ook het autoverkeer er gebruik van.
615242,Wat doet u in uw vrije tijd? Nederlandse modelbouwersclub houdt een tentoonstelling,Div. modelbouwers zijn bezig met hun hobby: modeltreinen; modelstoommachine; modelvliegtuig; modelpassagiersschip. Kleine expositie met modelschepen en miniatuurhaven.
616693,Wedstrijd vorkheftrucks,10e behendigheidswedstrijden voor vorkheftrucks op de Dam te Amsterdam; met chauffeurs uit Rotterdam en Amsterdam.
617485,Nationale wedstrijd gekleed zwemmen,Wedstrijd gekleed zwemmen georganiseerd door de Weesper Reddingsbrigade over 500 mtr. in de Vecht bij Weesp SHOTS: vanaf een platte schuit gaan dames en vanaf een andere schuit heren gekleed te water.
617543,Auto-voetbal,Voetbalwedstrijd in Overloon met omgebouwde auto's; een voetbal met een meter doorsnede; vlaggenmasten als doelpalen en een scheidsrechter op een motorfiets.
617569,Speedway-races,Autospeedwayraces in het Goffert Stadion te Nijmegen; georganiseerd door de Nederlandse Auto-Speedway-Club. Ieke van der Wal wint de finale. Het wereldrecord mensen persen in een personenauto wordt gebroken door 54 mensen in en op een Volkswagen Kever.
618084,Poppen kapwedstrijd,Kapsters demonstreren in Utrecht de haarmode van 1960; de face-lijn. Vijftig kinderen modelleren het kapsel van hun poppen en doen mee met een wedstrijd; die door Reina van Oort wordt gewonnen.
621403,Studenten organiseerden steptour van Leiden naar Utrecht,Studenten hebben een vierdaagse Ronde van Nederland op de step georganiseerd. De Ronde liep van Leiden; via Delft; Rotterdam en Wageningen naar Utrecht. SHOTS: het peloton steppers op de Grebbenberg tijdens de laatste etappe; de kopgroep bij een tussensprint en bij de finish; cu winnaar Paul Meier van de Landbouwhogeschool in Wageningen.
621487,Nederlandse kampioenschappen polsstokverspringen,In Jaarsveld is het NK polsstokverspringen gehouden. SHOTS: fragmenten van de wedstrijd waarbij een aantal deelnemers in het water valt; gelukte sprong van SiebeTjalma; man springt met polsstok over een sloot in een weiland; kampioen Aart de With tijdens zijn winnende sprong.
624062,Kattententoonstelling,Beelden van kattententoonstelling. -Drie jonge katjes in kooi spelen met pop aan touwtje 12"; -cu's kattekoppen; waaronder Siamese kat 48"; -vijf katten in sokken aan waslijn 11";
625793,De sterke Rus,Russische krachtpatser K. Zbyshko in Rotterdam. -Man houdt twee van elkaar wegrijdende auto's allebei tegen 20"; -man incasseert zonder problemen vuistslagen in de buik 20"; -div. titel(s)/tussentitel(s).
625875,Bruidspaar op stelten,Het 21-jarige bruidspaar Truus Heuvelink en Adri Stael loopt op stelten naar het stadhuis in Zutphen. Ze waren met fotograaf Dinius een weddenschap aangegaan dat zij een gratis fotoreportage kregen als ze 3km zouden steltlopen. Tot slot geven ze elkaar het jawoord. Na afloop vertrekken ze op stelten op huwelijksreis; met blikken aan de stelten gebonden.
626138,IJspret op zolder,Schaatsen op een op een Rotterdamse zolder aangelegde ijsbaan van enkele vierkante meters opppervlakte. -mensen met schaatsen in de hand/onder de arm gaan trap op 12"; -div. shots schaatsenrijden; ijsdansen; kunstschaatsen op zeer kleine ijsvloer; totaal 1'08"; -div. titel(s)/tussentitel(s).
630726,Vakantietijd,Nederlanders en buitenlanders gaan met de auto op vakantie; maar de verwachte drukte blijft uit door het matige weer. Met oa een verkeersagent die het verkeer regelt; een mobiele Rode Kruispost langs de snelweg bij Linschoten; overvolle campings aan de kust bij Zandvoort en toeristen in Amsterdam die een rondvaart maken en naar de film "Fluiten naar je duiten" gaan.
631201,Opleiding voor kelners,Werkloze kelners leren in Den Haag op een opleidingsinstituut hoe klanten aan tafel te bedienen. Aan de orde komen oa serveren; wijn inschenken en kip aansnijden. De daarbij gebruikte "etenswaren" zijn echter van hout of rubber.
631671,Egmonds jeugd leert diamantvak,Egmond aan Zee is van oudsher een vissersplaats. De jongere generatie ziet echter niet meer zoveel in de visserij. Sinds is er een diamantslijperij gevestigd waar jongens het vak van diamantslijper kunnen leren. SHOTS: - Stadsshots en straatshots; - oude vissers staan op straat met elkaar te praten; - enkele jongeren komen aanlopen over de boulevard; stoppen en wijzen naar de zee; - ext. slijperij; - int.: jongens zitten naast elkaar aan werkbanken en slijpen diamanten.
637984,Het jeugdverkeersexamen,Scholieren in Rotterdam doen verkeersexamen. SHOTS: -Heer spreekt tot schooljongens en -meisjes die met fietsen aan de hand klaarstaan; -div. shots kinderen op fietsen in verkeer Rotterdam; examinatoren langs de examenroute maken aantekeningen; -meisje dat geslaagd is laat diploma zien aan andere kinderen.
638788,Nederland heeft 13 miljoen inwoners,Het CBS heeft uitgerekend dat in Nederland 13 miljoen mensen wonen. Met een maandelijkse uitdraai van een computer van het CBS van de Nederlandse bevolking en kaartenbakken bij een bevolkingsregister. Met straatinterviews over hoeveel mensen er in Nederland wonen. Met archiefmateriaal van minister Joseph Luns en tennisser Tom Okker; woningbouw; het kraken van huizen in Amsterdam; het aannemersexamen in de Expohal; mensen op het strand en in een overvol zwembad en een kraamafdeling in een ziekenhuis.
638813,Expositie ''Sport en spel in de Oudheid'',Een groepje jongeren maakt een rondgang over de tentoonstelling Sport en spel in de oudheid. Deze is ingericht in Den Haag en geeft een overzicht van sport; spel en speelgoed bij de oude Grieken en Romeinen.
63466,Zuid-Limburg in herfsttooi,Herfst in de natuur van Zuid-Limburg; oa het Geuldal en paddestoelen.
1251,Stadsopname Dordrecht,Toren Grote Kerk Dordrecht min of meer rondom gefilmd vanaf het water. Huisjes aan de kade op de voorgrond.
2137,Het zesde eeuwfeest van Edam,Gekostumeerd feest ter viering van het feit dat Edam 600 jaar geleden stadsrechten kreeg; oa een kerkdienst; wagenspelen; een bruiloft op het Damplein; een bruiloftsmaal en volksdansen. Verder div. stadsshots.
2207,Viering van de 700e verjaardag Amsterdam met groot vuurwerk besloten,Afsluiting van de viering van het 700-jarig bestaan van Amsterdam met een groots vuurwerk aan de oevers van het IJ. SHOTS: op de Dam voor het Paleis worden kanonnen afgeschoten door mannen in oude kostuums; IJ met op de achtergrond de Nicolaaskerk; kisten met buskruit op platte dekschuiten; voorbereiding van vuurwerk; diversen van vuurwerk.
2718,Joods paasfeest,Viering van Pesach; het joodse paasfeest. Met een speciaal gedekte tafel met daarop een geroosterd beentje; een ei; bitterkruid; verse groente en matses. Opperrabbijn Aron Schuster controleert op een speciale akker van landbouwer Koop in Tjuchem bij Appingedam de kwaliteit van de tarwe en het schoonmaken van de maaidorser. Tijdens het oogsten rijdt hij op de dorser mee. Nadat het graan in zakken is gestopt; worden deze verzegeld met een loodje. In de matsesfabriek in Enschede wordt het vaatwerk ritueel gereinigd; waarna de productie van de matses begint. Het deeg wordt tot de juiste dikte gewalst; de matses worden eruit gestanst en ze worden gebakken.
3269,Toogdag van de Nederlandse Hervormde Kerk,In Amsterdam houden duizenden jongeren; leden van de Jonge Kerk (de jeugdorganisatie van de Nederlands Hervormde Kerk); een toogdag. Ze beginnen 's morgens met een massale samenzang op de Dam. Na het bijwonen van kerkdiensten trekken ze daarna in lange optochten door de straten van Amsterdam naar de Apollohal om de slotbijeenkomst te gaan bijwonen.
151225,Dr. A.F. Philips 75 jaar,In het met bloemen versierde Philips Ontspannings Gebouw te Eindhoven wordt de grondlegger van het Philips concern; dr. Anton Philips; tgv zijn 75e verjaardag toegesproken door oa de burgemeester van Eindhoven die hem onder meer mededeelt dat er een standbeeld van hem zal worden opgericht. Philips spreekt een korte dankrede.
155589,Bouw van de televisiemast bij Lopik,In de weilanden bij Lopik graven arbeiders in de grond rondom de betonnen fundamenten en aanhechtingspunten voor tuidraden van een zendmast. De mast wordt; in onderdelen; over de Lek aangevoerd per Rijnaak die er de sluis bij Vreeswijk mee binnenvaart.
155841,Rubywedstrijd,Rugbywedstrijd Holland-Duitsland 11-24 in Eindhoven - Div. shots spelers betreden veld en poseren 12"+11"; - div. shots wedstrijd; totaal 57"; - div. titels(s)/tussentitel(s)
164993,Uniek wijkcentrum "'t Karregat",Minister H.W. van Doorn van CRM stelt het nieuwe dienstencentrum 't Karregat in de wijk Herzenbroeken te Eindhoven in gebruik. Het centum bevat oa een bibliotheek; kleuter- en basisscholen; een supermarkt; winkels; een snackbar; ruimtes voor kruisverenigingen; een groepspraktijk voor huisartsen; maatschappelijk werk; een consultatiekantoor; een crèche; een sportzaal en een algemene ontmoetingsruimte.
173432,Hollandse molens draaien op Nationale Molendag,Aandacht voor Nationale molendag. SHOTS: molens in polderlandschap met draaiende wieken; sommigen met vlaggen eraan; molens in Amsterdam; deels in verval; herstelwerkzaamheden bij molen; int. korenmolen waarbij graan tussen molenstenen wordt fijngemalen; molenaar controleert kwaliteit meel.
611962,Een wonderlijke hobby,Mevr. Bleeker uit Amsterdam zoekt bij een schroothandel in oude metalen naar strijkijzers. Verder haar verzameling strijkbouten en treefjes bij haar thuis.
612245,Een eeuw machineschrijven,In een kantoormachinehandel in de Utrechtse Straat te Amsterdam is een tentoonstelling ingericht met antieke schrijfmachines; met oa een Japanse typemachine; een Kosmopoliet uit 1888; een schrijfmachine van Lambert uit 1896; een Remington uit 1873 en een Helios-Climax uit 1914.
615191,Oisterwijker bouwt miniaturen in flessen,In Oisterwijk heeft de heer Mutsaers als hobby het bouwen van miniaturen in flessen en in de glazen bollen van gloeilampen. Hij laat zien hoe hij huizen; schepen; fabrieken; vuurtorens ed inbouwt.
615437,Tentoonstelling collectie spaarpotten,In één van de gebouwen van de Spaarbankbond in Amsterdam is een tentoonstelling van spaarpotten van Niek ter Wolbeek; oud-directeur van de Spaarbank Amsterdam. SHOTS: aankondigingsposter wereldspaardag; diverse soorten spaarpotten; waarbij met behulp van een mechaniekje de munten in de spaarpot geworpen kunnen worden.
616585,Nederlandse zege bij motorvoetbalwedstrijd Dordrecht-Leverkusen,Verslag van de motorvoetbalwedstrijd van MTCD uit Dordrecht tegen het Duitse Leverkusen; gespeeld in Blijham. MTCD wint met 6-5 en plaatst zich voor het WK in Rusland. SHOTS van de wedstrijd motorvoetbal.
624224,Bavianen kiezen de vrijheid,Een deel van de groep bavianen van Safaripark Beekse Bergen te Hilvarenbeek is ontsnapt. De bavianen klimmen over de omheining; zitten op en naast de weg en klimmen op auto's. Er wordt tevergeefs geprobeerd de dieren te vangen.
625850,Aankomst van de vliegboot DO X,Begroeting van de meer dan 50 ton wegende vliegboot Dornier door groot aantal mensen te Schellingwoude. -Overzicht dijk met veel fietsen; belangstellenden en geparkeerde auto's 27"; -Vice-admiraal Quant wordt begroet door diecteur van Aviolanda; dhr. Burgerhout 9"; -cu Burgerhout (en profil) 4"; -mensen op aanlegsteiger (?) 6"; -man; vrouw en twee kinderen op "vliegfiets" 12"; -vliegboot in lucht 3"; -div. shots zes-motorig propellervliegtuig op water met (plezier-) boten er omheen oa met jeugd in Volendamse klederdracht en div. shots delen toestel 2'47";
631446,De parlevinker; een uniek beroep; dat langzaam verdwijnt,Met de komst van de duwvaart gaan de schippersvrouwen vaker hun inkopen doen aan wal; hierdoor dreigt het beroep parlevinker te verdwijnen. SHOTS: een parlevinkerschip; parlevinker doet schepen aan; int. van parlevinkers; parlevinker maakt zich vast aan een varend schip; parlevinker in de binnenhaven van Rotterdam. VERKLARINGEN van parlevinker Rokus.
640409,Haarlemse jeugd in actie voor een clubhuis,Stadskinderen komen bijeen in een jeugdclubhuis te Haarlem van de stichting Het Anker; waar ze bezig gaan met handenarbeid en spelen. De kinderen houden een inzameling onder het motto Geef grif één ton in één jaar uit één stad; met als doel een nieuwe clubhuis. Op de Grote Markt worden 1000 duiven losgelaten; waarna cabaretier Toon Hermans een ketting doorzaagt waarmee collectanten worden vrijgelaten. Tot slot worden ballonnen opgelaten.
983,Amsterdam,Amsterdam groeit: er wordt begonnen met de uitvoering van het uitbreidingsplan Slotermeer. SHOTS: - kaarten en maquettes laten zien hoe een en ander gesitueerd is en er in de praktijk moet gaan uitzien; - in de Sloterpolder begint een graafzuiger met het weggraven van veen; het veen wordt via lange pijpleidingen afgevoerd en elders op het land opgespoten.
1451,Enkhuizen 600 jaar stad,Viering van het 600-jarig jubileum van Enkhuizen; met oa het admiraalzeilen van ronde- en platbodems; waaronder de boeier De Sperwer uit 1886. Verder div. stadsshots.
1479,Het stille strand,Zomer's strandvermaak. Totaalshot strand; op voorgrond spelende kinderen; op achtergrond vele strandtenten 10". Medium shot langs vloedlijn; op voorgrond tenten; langs het water lopende en fietsende mensen; baders in zee 8". Medium shot div. strandtenten met mensen ervoor en ertussen 18". Medium shot groepje mannen en vrouwen; arm in arm; in de branding; poserend voor de camera; opmerkelijke badmode 14". Medium shot spelen; spartelen en spatten in de branding 11". Cu roeiboot wordt vanuit branding strand op geduwd 13".
1885,Buitenlands toerisme in Nederland,Buitenlandse toeristen bezoeken Nederland; oa de markt te Delft; in een toerbus; bij de douane; in Volendam; aan de Noordzeekust; bij het Vredespaleis te Den Haag; in Madurodam; tijdens een rondvaart door de Rotterdamse haven en de Amsterdamse grachten; in een fotowinkel; bij de Rembrandt-tentoonstelling in het Rijksmuseum; in een VVV-kantoor; in een hotel en een motel en op een camping te Zandvoort. Verder tellen uitbaters buitenlands geld.
2053,Internationaal torenspringen,-Div. shots duiken en schoonspringen vanaf hoge duikplank in zwembad te Utrecht; oa achterstevoren geprojecteerd; totaal 52".
2263,Noordzee badplaatsen,Div. shots van badplaatsen en stranden met strandvermaak. De opnamen zijn gemaakt in Wijk aan Zee; Katwijk; Noordwijk en Zandvoort: - hoog totaalshot badplaatsje; kerk in het midden; Wijk aan Zee(??) 15"; - hoog totaalshot; pan; over Katwijk(?); met witte kerk vlakbij het strand 23"; - hoog totaalshot Noordwijk(?); met kerkje in centrum 12"; - div. shots; totaal en medium; van strandvermaak; spelende kinderen; rieten strandstoelen; badmode; pootje baden in de branding; 1'06". Op TC 00:01:02 twee shots op het strand voor de boulevard van Zandvoort.
2291,Bouwen in de Bijlmermeer,Burgemeester Ivo Samkalden van Amsterdam heit in de polder Bijlmermeer de eerste paal voor de bouw van 5000 woningen. Verder de al gebouwde viaducten; een oude boerderij; de eerste flat en een maquette van de toekomstige bebouwing.
2347,Padvinderswaterkamp,Kamp van watergidsen; zeeverkenners en waterpadvindsters op de eilanden bij de Nieuwkoopse Plassen. Met een vlootschouw voor de commandant van de Zeemacht Nederland baron W.J. de Vos van Steenwijk en topfiguren van de Nederlandse padvinderij; waaraan oa de Hasselter aak Koning Radbout deelneemt.
2389,De mooie; warme zomer,Zomervakantie in Nederland. Mensen vertrekken van Schiphol naar verre vakantiebestemmingen. Vanwege het warme weer is het druk langs de randmeren van de IJsselmeerpolders; waar mensen op de stranden liggen. In Artis te Amsterdam worden de ijsberen en olifanten natgespoten en de pinguïns zijn ondergebracht in een vriescel. Jongeren en ouderen spelen in Amsterdam in fonteinen en vijvers en de terrassen zitten vol met mensen. In een frisdrankenfabriek worden flessen gevuld.
2403,Lage waterstand der rivieren belemmert de scheepsvaart,Door de lange droogteperiode in vele delen van Europa en ook in Nederland is het peil van de rivieren en het grondwater flink gezakt. Vooral in het oosten van het land zijn door het lage waterpeil sommige waterputten droog komen te staan en werden enkele gemeenten gedwongen om water van buiten te laten aanvoeren. Het lage waterpeil heeft vooral ernstige gevolgen voor de scheepvaart. Veel binnenschepen kunnen door het lage peil maximaal de helft van hun normale capaciteit beladen worden. SHOTS: meten waterpeil vanaf een boot en aflezen waterhoogte vanaf de oever van een rivier; vrouw haalt emmer op uit lege waterput en bij waterpomp; vrouwen en kinderen op de weg met emmers en grote pannen met water; binnenschepen op de Rijn; droge bedding Rijn; een schip op het droge door laag waterpeil.
2629,Snelst groeiende gemeente van ons land,De snel groeiende stad Zoetermeer; met oa gerestaureerde panden; nieuwbouwflats; kashba-woningen; een station; een tuin op het dak van een parkeergarage; opspuitingen voor toekomstige wijken en de bouw van huizen. Met foto's van Zoetermeer in 1910. Met commentaar (buiten beeld) van mensen over de afbraak van de oude huizen en de nieuwbouw en een kind over de speelmogelijkheden.
2732,Congres van Jehova's Getuigen in Amsterdam,Internationaal congres van Jehova's Getuigen in het Olympisch Stadion te Amsterdam; waar de deelnemers luisteren naar lezingen. In het Zuiderbad worden ruim 500 bekeerlingen gedoopt; gadegeslagen door kenissen en familieleden.
3155,Museum vol heiligenbeelden,In het museum De Preekstoel te Haarlem worden heiligenbeelden tentoongesteld. Door de veranderingen binnen de rooms katholieke kerk in relatie tot de heiligenverering worden de beelden vaak uit kerken verwijderd. Met oa schilderijen; beelden en een gegoten altaar uit 1906.
3223,De laatste in ons land levende begijntjes,Het 16e eeuwse Begijnhof in Breda tussen de St. Catharinakerk en de St. Wendelinskapel is het enige begijnhof dat nog wordt bewoond door begijntjes; religieuze zusters die in het hofje samenwonen en financieel zelfstandig zijn. In de kerk wordt elke dag een mis opgevoerd; die de bejaarde begijnen bijwonen. De 63-jarige zuster Frijters werkt als bejaardenhulp in Breda. De 79-jarige zuster De Leeuw verkoopt in haar huis kaarten en boekjes over het Begijnhof. Met commentaar (buiten beeld) van Frijters en De Leeuw over hun werk.
63435,Record melkgift van koe,De melkkoe Christina wordt op de boerderij van dhr. Dijkstra te Oldehove onder grote belangstelling gehuldigd voor haar record van 100.000 liter melk. Met beelden van melkbussen; pakjes roomboter en kazen.
71534,De 21ste Amsterdamse Fashion Week,Modeshow van zomerkleding tijdens de Amsterdam Fashion Week in kasteel De Hoge Vuursche te Baarn voor inkopers en persvertegenwoordigers uit het buitenland. In een naaiatelier te Amsterdam wordt dameskleding ontworpen en vervaardigd. De kleding wordt voor transport verpakt in speciale hoezen en op Schiphol in een vliegtuig geladen.
151461,Wielercriterium,De start van het Wielercriterium van Eindhoven; de deelnemers op het parcours en de finish en huldiging van de winnaar.
155978,Motorterreinwedstrijden,In de (zonovergoten) bossen van Valkenswaard kijkt een talrijk publiek naar wedstrijden terreinrijden voor motoren en motoren met zijspan.
155988,Weer een verkeersobstakel op de weg Eindhoven - Den Bosch verdwenen,Als gevolg nog van de Tweede Wereldoorlog werd; op de route van Eindhoven naar Den Bosch; het autoverkeer tot voor kort belemmerd door vier noodbruggen met éénrichtingsverkeer: bij Best; Boxtel (twee keer) en Vught. De noodbrug bij Vught is nu vervangen door een blijvende; zodat op dit laatste stukje het verkeer uit het zuiden al weer kan doorstromen. SHOTS: - auto rijdt over de wegen door het Brabantse landschap en passeert de div. noodbruggen; - opening nieuwe brug door mevrouw Harmsen; de echtgenote van hoofdingenieur en directeur van Rijkswaterstaat; ext. nieuwe brug; verkeer passeert brug.
160041,Watersportweek,De zeegod Neptunus wordt in een boot van het station van Eindhoven door het centrum van de stad gereden naar de plaats waar de watersportweek wordt geopend door burgemeester H.B.J. Witte. Anton Geurts wint de eenpersoons kanowedstrijd van Wijsse(?); Lagrand en Ruud Knuppe. Geurts en Knuppe winnen de tweepersoons kanowedstrijd.
164293,Dameszaalhandbalwedstrijd Nederland - Duitsland,Nederland verliest de dames zaalhandbalwedstrijd in de Philipssporthal te Eindhoven met 7-16 van Duitsland.
164676,Demonstraties kunstrijden op rolschaatsen,Rolschaatswedstrijden georganiseerd door de Eindhovense Roller Club. Met oa Netty Delvoix uit Den Haag; het paar Daudey-De Vos en wereldkampioene Lotte Cadenbach uit Duitsland.
612014,Raketten; gevaarlijk speelgoed,Met toestemming van het ministerie van Oorlog lanceren amateurs uit Haarlem op het militair oefenterrein bij Petten een zelfgebouwde raket. De bouwer mengt de brandstof en giet het in de raket. De elektrische ontsteking weigert; het ontsteken met magnesium lukt ook niet en met het laatste middel; butagas; ontploft de raket; waarbij één persoon licht gewond raakt.
613558,Estafette in het Vondelpark,Twee shots estafette in het Vondelpark; georganiserd door de AVAC; de Amsterdamse Veld Atlethiek Club.
614718,Vondelparkestafette,De Vondelparkestafette met de start der deelenemers; div. shots van de wedstrijd en de finish.
615363,Postzegelbeurs,Postzegelmarkt in de openlucht aan de Oude Zijds Voorburgwal. - div. mediumshots en cu's van mannen en jongens die postzegels ruilen en kopen; "3 cent per zegel" - cu man (?); 7"
616659,Met palet en camera: foto-; teken-; en schilderwedstrijd voor militairen,Jubileumtentoonstelling van de jaarlijkse foto-; teken- en schilderwedstrijd 'Palet en Camera in de Krijgsmacht'. De wedstrijd beleeft in 1977 haar 25e jubileum. Jaarlijks worden er diverse prijzen uitgereikt. SHOTS: aankomst per legerjeep van viertal gehelmde militairen; kamer waar militairen bezig zijn met ontwikkelen van foto's; diverse van de tentoonstelling; schilderende militairen (in burgerkleding); de uitreiking van de zilveren legpenning van Prins Bernhard door de nieuwe Inspecteur-Generaal der Krijgsmacht; luitenant-generaal W.H. de Savornin Lohman aan de 72-jarige sergeant Mellenbergh (beiden in legeruniform). VERKLARING: Mellenbergh geeft (buiten beeld) korte toelichtingen bij enkele van zijn schilderijen.
616717,Nationale wedstrijd machineschrijven,In Den Haag staan de tafeltjes met deelnemers aan de wedstrijden sneltypen dicht naast elkaar opgesteld. Op een gongslag beginnen allen zeer snel te tikken. Er zijn mannelijke en vrouwelijke deelnemers. Zowel het tienvingersysteem als het tweevingersysteem worden gebruikt.
616842,Wedstrijden met modelvliegtuigen op het Binnenhof,Er is een nationale wedstrijd bouwen van modelvliegtuigen uitgeschreven om jongens te interesseren voor de luchtvaart en het beroep van verkeersvlieger. De deelnemers hebben als verplicht werkstuk een model gemaakt van het tweedekker-lesvliegtuig Tiger Moth. In het ministerie van Verkeer en Waterstaat worden de inzendingen bezichtigd. Op het Binnenhof geeft de directeur-generaal van de Rijksluchtvaartdienst; dhr. Bakker; het startsein voor vliegdemonstraties van de modelvliegtuigen mbv lijnbesturing.
617139,Auto slalom op skelterbaan,5e wedstrijd om het auto-slalomkampioenschap op het kartingcircuit te Driebergen. Toerwagens van 500 tot 2000cc passeren de div. hindernissen.
617326,Wedstrijd straten maken,Wedstrijd stratenmaken voor jongeren op het terrein van de gasfabriek in Hilversum. Een wethouder kijkt toe en een vrouw van de EHBO verbindt een vinger. Vervolgens keurt de jury de gelegde straatjes.
617509,WK voor modelspeedboten,In de kanovijver van het Zuiderpark in Rotterdam zijn wedstrijden gehouden voor het WK voor modelspeedboten. Er werd in vier klassen geracet waarbij de boten uit de zwaarste klasse snelheden van meer dan 70 km per uur bereikten. SHOTS: burgemeester Van der Louw van Rotterdam geeft het startsein; diverse van de wedstrijd.
617669,Struisvogelrennen,-Div. shots jockeys: op door struisvogels getrokken sulky's of op rug struisvogel; totaal 30".
617879,Heidekoningin ter schapenmarkt in Ede,'s Ochtends gaat de schaapskudde van Ede op weg naar het dorp voor de grote schapenmarkt op de dag van het schaap tijdens de heideweek. Met handjeklap worden schapen verkocht; oa aan heidekoningin Calluna XVI uit Canada. Verder wordt een wedstrijd ringsteken per kruiwagens gehouden; waarbij het echtpaar Van Donkelaar de eerste prijs wint; het door Calluna gekochte schaap.
617963,Lustrumfeesten van de Amsterdamse studenten; wedstrijden voor bestelfietsen; pierementfeest,Amsterdamse studenten organiseren div. festiviteiten ivm hun lustrum. SHOTS: - jonge mannen houden races met bestelfietsen en bakfietsen door de straten en langs een singel in Amsterdam; - een grote groep scholieren bezoekt massaal een kermis; veel kinderen op het volle drukke kermisterrein en in zweef- en draaimolens; luchtschommels; autoscooters enz.; - op het Frederiksplein wordt een wedstrijd gehouden voor grote en kleine draaiorgels in mooi spelen en mooi slingeren; een jury rijdt per koets langs ieder orgel om de prestaties te beoordelen; oa één jurylid; Eduard van Beinum (de dirigent van het Concertgebouworkest); demonstreert zijn eigen vaardigheid in het draaien aan het orgelwiel; 2'28 Van Beinum.
620654,Negende eeuwfeest van Winsum,900-jarig bestaan van Winsum; met een landelijk concours hippique; oa een voltige-groep uit Enno Ludwigs Groden. Later wint PSV de voetbalwedstrijd tegen Ajax met 5-3. PSV-er Trevor Ford uit Groot-Brittannië maakt drie doelpunten. Verder div. stadsshots; oa een paard-en-wagen.
621015,Schoolfeest der Haagse schoolverenigingen,Schoolfeest; vakantiefeest; van Haagse schoolverenigingen rond de Kagerplassen: - kinderen gaan aan boord van zeilboot 10"; - wedstrijd zaklopen 11"; - idem touwtrekken 13"; - oplaten van ballonnen met naamkaartjes; een deel ervan komt in het water terecht 14".
621199,Parachutespringen,Wedstrijd parachutespringen op de Leusderheide; georganiseerd door de afdeling parachutespringen van de KNVvL. Parachutisten gaan met een sportvliegtuigje de lucht in en springen naar een cirkel op de heide.
621251,Grand Prix waterski-race op het Veluwemeer,Aandacht voor de Grand Prix waterskiën op het Veluwemeer bij Harderwijk. De wedstrijden worden geteisterd door slecht weer. Winnaar wordt de Italiaan Trezzi. SHOTS: waterskiënde clowns; o.a. skiënde clown op stoel; diverse van de wedstrijd; o.a. van Trezzi en Engelsman Billy Rixon; Trezzi zittend op een boot.
624109,Nest jonge airedaleterriërs,Div. shots van jonge airedaleterriërs in een hondenmand en hangend in sokken aan de waslijn.
624152,Chimpansee Charley bij zuigelingenzorg,Een dame neemt vanuit de dierentuin in Wasssenaar een als klein jongetje aangeklede jonge chimpansee mee in de auto. Ze vervoert hem naar een consultatiebureau voor zuigelingen. Aldaar wordt het aapje door een witgejaste dokter onderzocht alsof het een baby betrof: hij wordt gewogen; bekeken; beluisterd; betast; enz.
625540,Nieuwe goudlegeringen voor trouwringen,De Utrechtse firma Menthen heeft een nieuwe goudlegering bedacht waarvan de trekvastheid en hardheid groter is dan die van veel staalsoorten. Trouwringen; gemaakt van het nieuwe materiaal; zullen; tijdens het dragen; minder slijten. SHOTS: - Een goudsmid vervaardigt trouwringen mbv een speciale machine; - op het Vreeburg te Utrecht wordt een demonstratie gegeven van de sterkte van het nieuwe materiaal: een takelwagen hijst een auto met twee inzittenden omhoog die bungelt aan een trouwring die vervaardigd is van de nieuwe legering.
625660,Wereldreiziger,Lid van de organistatie (?) H.H. Wereldreizigers met motorrijwiel en motorboot; hun nieuwste vinding. -Man op motorrijwiel trekt aanhangwagen met boot door straat voort 8"; -totaalshot man met motorrijwiel en boot 2";
630173,Kinderfeest op de kunstijsbaan,Kinderen doen allerlei spelletjes op ijsbaan te Amsterdam. SHOTS van kinderen op schaatsen die op het ijs div. spelletjes doen; afgewisseld met shots toeschouwers waarbij oa een kok met witte koksmuts.
630331,Huishoudbeurs in de RAI siersteenslijperij ''De Sprong'',De 26ste Huishoudbeurs in de RAI te Amsterdam; met oa een Italiaanse zit-ei; een afwasbak met zitbad; een bedbank; een traplift voor minder validen; een apparaat voor het vouwen en rekken van lakens en een demonstratie edelstenen en sierstenen slijpen in de afdeling kunstnijverheid. Verder de siersteenslijperij De Sprong te Soest van Bert en Nick Espeet. De stenen worden in plakken gezaagd en geslepen. Van deze stenen worden sieraden gemaakt.
630540,Verpakkingsbeurs ''Macropak'',De beurs Macropak in de RAI te Amsterdam; met jerrycans met afneembare tuit; verpakkingsmachines voor fruit; vlees en groente; oa in plastic en netjes; klederdrachtpoppen in doorzichtig plastic dozen; een doos voor bloembollen; kroonkurken; glazen weggooiflessen; plastic kratten en stalen vaten.
630774,Vakantietrek naar het water,Vakantiedrukte in Nederland. Drukte op de wegen; met oa auto's met aanhangers waarop fietsen staan. Op de Friese meren varen tientallen boten. De zeilers van de Kaagweek op de Kagerplassen ondervinden hinder van de pleziervaart. Van Asselt wint de race voor 12 voets jollen. Verder drukte in openluchtzwembaden; langs de kust en het Veluwemeer.
631177,Het oude ambacht van de zilversmid,In het Zuid-Hollandse stadje Schoonhoven; al eeuwen lang bekend om zijn zilverwerk; wordt het beroep van zilversmid nog altijd uitgeoefend. Naast de handwerkateliers; waar nog vaak gewerkt wordt naar modellen en motieven die ook vroeger in zwang waren; zijn er in Schoonhoven tal van zilverfabrieken; waar gewerkt wordt met moderne machines volgens de stempels van de vroegere handwerkers. In Schoonhoven staat ook de enige mts in de Benelux die een afgeronde vakopleiding geeft voor goud- en edelsmeden; graveurs en juweliers. SHOTS: cu. gevelsteen zilversmid; zilversmid aan het werk in zijn atelier; vervaardigen antieke zilveren lepeltjes in zilverfabriek; ext. en int. mts Schoonhoven met leerlingen tijdens praktijklessen.
631344,Torenkraanbestuurders op ''school'',Theoretische en praktijkopleiding te Reuver van machinisten voor torenkranen; georganiseerd door de stichting Vakopleiding Bouwbedrijf en de arbeidsinspectie.
637772,Schoolvoetbal in de vakantie,Amsterdamse schooljongens hollen een drassig en modderig weiland op en spelen; na de toss; voetbal. Na afloop van de wedstrijd verlaten de jongens het veld en protesteren beide aanvoerders bij de scheidsrechter. De winnaars verlaten daarna; weer in hun gewone kleren gestoken; het voetbalveld hossend; de verliezers sjokken; idem; wat moedeloos weg.
640371,Bouwspeelplaats voor kinderen,Kinderen spelen in speeltuinen; op grasveldjes tussen flats en op een galerei. In de wijk Hoograven te Utrecht is een bouwspeeltuin gemaakt; waar kinderen met materialen hutten bouwen; in een autobus kunnen knutselen en tafeltennis en biljart spelen. Met commentaar van kinderen over de speeltuin.
6701,Nieuws uit Indonesië: opheffing van het KNIL,Opheffing van het Koninklijk Nederlands Indisch Leger (KNIL): ontbindingsceremonie te Djakarta in de ambtswoning van de Nederlandse Hoge Commissaris; dr. H. Hirschfeld op 26 juli. Tevens een kranslegging (op 25 juli) op de militaire erebegraafplaats Menteng Pulo. SHOTS: 00:02 ONTBINDINGSCEREMONIE: aanwezig zijn oa de Indonesische minister-president Mohammad Hatta en andere vooraanstaande Indonesische politici; een afvaardiging van het KNIL; en hoge burgerlijke en militaire autoriteiten. Toespraak door de commandant van de Nederlandse legerstrijdkrachten in Indonesië; generaal D.C. Buurman van Vreeden (in het Nederlands en het Indonesisch); en Hirschfeld. De laatste deelt oa mede dat Buurman van Vreeden en generaal-majoor D.R.A. van Langen van het KNIL koninklijk worden onderscheiden. 02:46 KRANSLEGGING: ext. gebouwen; militairen staan in de houding of presenteren het geweer; Buurman van Vreeden legt een krans aan de voet van de vlaggemast; de aanwezigen maken een rondgang over het kerkhof; de militairen brengen de militaire groet bij het graf van generaal S.H. Spoor; cu's van enkele grafkruisen.
614834,Concours d'elegance,Automobiel festijn van de KNAC in het Vondelpark Amsterdam. -Totaalshot: paviljoen; publiek; auto's 5"; -div. shots auto's; oa met bloemen versierd; totaal 23"; rijden langzaam voorbij; totaal 1'02" -div. shots toeschouwers; totaal 4"; -div. shots poseren: drie jongetjes in matrozenpak 3"; twee dames met hond 3"; heer en dame 2"; -div. titel(s)/tussentitel(s)
616869,Miniatuur watervliegtuigen,Jan Brink uit Haarlem wint de wedstrijd met radiografisch bestuurbare watervliegtuigen op de Vinkeveense plassen.
617520,60 sinterklazen,Wedstrijd voor Sinterklazen uit heel Nederland in Amsterdam. 60 Sinterklazen nemen deel aan een maaltijd; Leo Schuit; Sinterklaas in Putten; wordt uitgeroepen tot winnaar.
620994,Hardrijden op de schaats voor dames,Wereldkampioenschap allround schaatsen voor vrouwen op ijsbaan Thialf te Heerenveen. De 35-jarige Atje Keulen-Deelstra behaalt haar 4e  wereldtitel. Op de slotdag wint ze de 1000 meter en rijdt een persoonlijk record op de 3 kilometer. De Amerikaanse Sheila Young; eerste na de eerste dag; wordt vierde in het eindklassement. Voor het eerst wordt de kampioen over de baan rondgereden in een arreslee. Met commentaar (buiten beeld) van Keulen-Deelstra voor aanvang van de wedstrijden. - 500 meter: de West-Duitse Monica Pflug 45;43 (4e) - Keulen-Deelstra 45;52 (5e); - 1500 meter: Keulen-Deelstra 2.19;07 (1e); - 1000 meter: Young 1.30;43 (4e); - echtgenoot Jelle Keulen volgt gespannen de wedstrijd; -3km: Keulen-Deelstra 4.49;07 (1e) - Sippie Tigchelaar 4.50;23 (2e); -ereronde in een arreslee over de baan.
621072,Engeland trekt aan langste eind en wint wereldkampioenschap touwtrekken,Op het wereldkampioenschap touwtrekken in het Gelderse Doetinchem wint het Engelse team in de finale van Zwitserland. Tijdens de wedstrijd tussen Nederland en Zuid-Afrika vindt een kleine betoging plaats door mensen die hun kritiek op apartheid laten horen omdat de Zuid-Afrikaanse ploeg alleen uit blanken bestaat. SHOTS: diversen van touwtrekwedstrijden; scheidsrechters geven startsein; bootjes op water met betogers met protestborden tegen apartheid; Zwitserse supporters op tribune maken lawaai met koeienbel.
621414,Hard-arren en ski-jöring,Wedstrijden "hard-arren" te Hoorn en "ski-jöring" te Zandvoort. SHOTS: - div. heren op kleine arresleden achter paard glijden langs belangstellenden die langs de weg staan (met kort shot gefilmd vanaf glijdende arreslee); - div. starts van wedstrijden "hard-arren" en een finish; - wedstrijd; waarbij mensen op ski's door auto's worden voortgetrokken ("ski-jöring"); waarbij oa dame ten val komt.
639420,Waisda? a video labeling game,Waisda? is a Web application that provides a multiplayer video labeling game. It is based on the principles of the ESP image labeling game coined by Louis von Ahn; where two or more users compete with each other by entering tags. In Waisda? players score points by entering the same tag as one of the other players in a ten second interval. As a result each video that is played in the game is annotated with tags that are anchored to a time point in the video. Waisda? was initiated by the Netherlands Institute for Sound and Vision and the VU University Amsterdam in the context of the Dutch project Images for the Future and the European research project PrestoPRIME. The software was pioneered in two pilots using historic archive material as well as recent TV episodes from Dutch broadcasters (KRO and NCRV). The two pilots together resulted in more than a million tags de-scribing thousands of videos. An open source version of Waisda? enables maintainers of an online video collection to start their own crowdsourcing initiative for time-based annotations.    Credits: Direction; editing and audio: Sebastiaan ter Burg. The Netherlands Institute for Sound and Vision safeguards more than 800.;000 hours of television; radio; music and film from 1898 to today; and collects; preserves and opens this audiovisual heritage for as many users as possible: media professionals; education; science and the general public. Images for the Future is a large-scale digitisation project in which four organisations have a large part of the audiovisual heritage of the Netherland through preservation and digitisation. The digitised materials are made as broadly available as possible for education and the general public. The Web & Media group at the VU University Amsterdam investigates storages; linking; enrichment and access to heterogeneous data sources on the Web. Research topics include knowledge and ontology engineering; semantic enrichment; semantic search; interactive and personalized access; visualization paradigms and provenance tracking. PrestoPRIME researched and developed practical solutions for the long-term preservation of digital media objects; programmes and collections; and tried to find ways to increase access by integrating the media archives with European online digital libraries in a digital preservation framework.
639525,Open Culture Data - opening up data: masterclass and a risk-benefit analysis (subtitled),After the first phase of Open Culture Data; which resulted in 8 datasets and 13 apps; we kept getting the same questions from the cultural sector on how to best open up their data and make it available. As a result; a masterclass Open Data for Cultural Organisations was setup up by Creative Commons Netherlands. In the masterclass; 17 participants got answers to practical; technical and legal issues regarding open data. The masterclass was concluded with a hackathon; in which developers got to work with the open culture data. At the same time; Open Culture Data researched what organisations consider to be the most important risks and benefits of open data. We did this together with many different heritage and cultural professionals; both in the masterclass and during a workshop on (open) data by Digital Heritage Netherlands. We based ourself on the 10 risks and 10 benefits of open data  formulated by Europeana; the European digital library. The outcome was that the most important perceived risks are: loss of control; wrong or no attribution; privacy issues with some data; and loss of (potential) income. The main benefits mentioned were: fulfillment of the public mission and finding new channels to end users; enrichment of the data by third parties and the stimulation of reuse. The conclusion was the benefits of open dat outweigh the risks. More information:  http://www.opencultuurdata.nl/about/ and http://mw2013.museumsandtheweb.com/paper/open-culture-data-opening-glam-data-bottom-up/ This video was produced by the  Netherlands Institute for Sound and Vision in collaboration with  Kennisland; as part of the large-scale digitisation project  Images for the Future. The Netherlands Institute for Sound and Vision safeguards more than 800.000 hours of television; radio; music and film from 1898 to today; and collects; preserves and opens this audiovisual heritage for as many users as possible: media professionals; education; science and the general public. Kennisland works on social innovation; gives advice and develops solutions for the issues that crop up during the transformation to a stronger knowledge society. Sound and Vision and Kennisland are both partners in Images for the Future; a large-scale digitisation project in which four organisations have a large part of the audiovisual heritage of the Netherland through preservation and digitisation. The digitised materials are made as broadly available as possible for education and the general public.
639530,Open Culture Data - app competition: results and lessons-learned (subtitled),In order to create interest in the open culture datasets and stimulate reuse; we launched our own app competition that ran from June 16 to December 31; 2012. We set out three main challenges for the developer community: create applications that expand audience reach (online; offline; on site); create applications in which the audience is reached in novel ways; create applications that connect different datasets. We awarded four prizes: three general gold; silver and bronze ones and the National Archives made their own special prize available. We participated on two hackathon events organized by Hack de Overheid in June and October 2012; and a smaller one specifically aimed at reuse of the data in games right before the December 31 deadline. Furthermore; many presentations to raise awareness of the competition and Open Culture Data itself were held; for instance at a developers conference; the Wikimedia Netherlands conference; and Communication and Media Design students made apps as part of their courses. In total; twenty-seven apps were submitted for the competition. The four that won were:  Gold prize:  Muse app; developed by Femke van der Ster; Jelle van der Ster; and Peter Henkes of No strings. Silver prize:  Histagram; developed by Richard Jong of Frontwise. Bronze prize winner:  SimMuseum; developed by Hay Kranen. National Archives prize:  Tijdbalk.nl; developed by Arjan den Boer. Lessons-learned of our own app competition is that firstly: it doesn’t just happen. It will always take time and resources to get the results that we did. Secondly; more needs to be done to make sure that app competitions result in something sustainable. To this end; we’re talking with the developers of Muse App; to see how we van validate their competiton win by creating interest in the app and further develop it within the Dutch cultural sector. Finally we learned that not all data is equally popular: fourteen of the thirty-four available datasets were actually used. The Rijksmuseum and National Archives press photo datasets are well-known collection; contain hundreds of thousands of high-quality images; and have an easy-to-use API; and were the most popular. More information:  http://www.opencultuurdata.nl/about/ and  http://mw2013.museumsandtheweb.com/paper/open-culture-data-opening-glam-data-bottom-up/ This video was produced by the  Netherlands Institute for Sound and Vision in collaboration with  Kennisland; as part of the large-scale digitisation project  Images for the Future. The Netherlands Institute for Sound and Vision safeguards more than 800.000 hours of television; radio; music and film from 1898 to today; and collects; preserves and opens this audiovisual heritage for as many users as possible: media professionals; education; science and the general public. Kennisland works on social innovation; gives advice and develops solutions for the issues that crop up during the transformation to a stronger knowledge society. Sound and Vision and Kennisland are both partners in Images for the Future; a large-scale digitisation project in which four organisations have a large part of the audiovisual heritage of the Netherland through preservation and digitisation. The digitised materials are made as broadly available as possible for education and the general public.
